series,episode,baker,result,signature,technical,showstopper,uk_airdate,uk_premiere,us_season,us_airdate
1,1,Annetha,IN,"Light Jamaican Black Cake
with Strawberries and Cream",2nd,"Chocolate with Cigarellos, Fresh Fruit, and Cream",17 August 2010,2010-08-17,NA,NA
1,1,David,IN,Chocolate Orange Cake,3rd,"Black Forest Floor Gateaux
with Chocolate Leaves, Fallen Fruit
and Chocolate Mushrooms",17 August 2010,2010-08-17,NA,NA
1,1,Edd,IN,Caramel Cinnamon and Banana Cake,1st,N/A,17 August 2010,2010-08-17,NA,NA
1,1,Jasminder,IN,Fresh Mango and Passion Fruit Hummingbird Cake,N/A,N/A,17 August 2010,2010-08-17,NA,NA
1,1,Jonathan,IN,Carrot Cake with Lime and Cream Cheese Icing,9th,Three-layer with Almond and Cherry,17 August 2010,2010-08-17,NA,NA
1,1,Louise,IN,Carrot and Orange Cake,N/A,"Never Fail Chocolate Sponge Cake,
with Fresh Fruit",17 August 2010,2010-08-17,NA,NA
1,1,Miranda,IN,"Triple Layered Brownie Meringue Cake
with Raspberry Cream",8th,"Three Tiered Chocolate Fudge Cake
with Handmade Chocolate Button Decorations",17 August 2010,2010-08-17,NA,NA
1,1,Ruth,IN,"Lemon Drizzle Cake
with Fresh Cream and freshly made Lemon Curd",N/A,"Classic Chocolate Sponge wrapped in a Chocolate Collar
topped with Handmade White and Dark Chocolate Truffles",17 August 2010,2010-08-17,NA,NA
1,1,Lea,OUT,"Cranberry and Pistachio Cake
with Orange Flower Water Icing",10th,"Chocolate, Raspberries and Cream
with Fresh Fruit",17 August 2010,2010-08-17,NA,NA
1,1,Mark,OUT,Sticky Marmalade Tea Loaf,N/A,Heart-shaped Chocolate and Beetroot Cake,17 August 2010,2010-08-17,NA,NA
1,2,David,IN,Cheddar Cheese and Fresh Rosemary Biscuits,8th,"Choux Pastry Swans
Chocolate Profiteroles",24 August 2010,2010-08-24,NA,NA
1,2,Edd,IN,Oatmeal Raisin Cookie,6th,Pink Macarons,24 August 2010,2010-08-24,NA,NA
1,2,Jasminder,IN,Millionaires' Shortbread,2nd,"Meringues with Chocolate and Space Dust
Coffee flavoured Eclairs",24 August 2010,2010-08-24,NA,NA
1,2,Jonathan,IN,Honey and Candied Ginger Cookies,1st,Meringues with Whiskey Cream,24 August 2010,2010-08-24,NA,NA
1,2,Miranda,IN,Fresh Vanilla Biscuits with Royal Icing,3rd,Pistachio Macarons,24 August 2010,2010-08-24,NA,NA
1,2,Ruth,IN,"Peanut Shortbread with
Salted Peanut Caramel",5th,"Almond Macaron with Violet Buttercream
Raspberries and Cream Eclairs",24 August 2010,2010-08-24,NA,NA
1,2,Annetha,OUT,Rose Petal Shortbread,7th,Pink Swirl Macarons / Eclairs,24 August 2010,2010-08-24,NA,NA
1,2,Louise,OUT,Stained Glass Window Shortbread,4th,"Strawberry, Mint, and Cream Meringues
Chocolate Eclairs / Orange, Yellow and Pink Macarons",24 August 2010,2010-08-24,NA,NA
1,2,Lea,NA,NA,NA,NA,24 August 2010,2010-08-24,NA,NA
1,2,Mark,NA,NA,NA,NA,24 August 2010,2010-08-24,NA,NA
1,3,David,IN,Chilli Bread,4th,"Walnut and Seed Roll
Red Berry and Almond Bun",31 August 2010,2010-08-31,NA,NA
1,3,Edd,IN,Olive Bread,1st,Tomato and Mozzarella,31 August 2010,2010-08-31,NA,NA
1,3,Jasminder,IN,Focaccia,5th,"Mango and Sultana Buns
Pan au Chocolat with Mars Bars
Tutti Frutti Wheel with Jelly Tots",31 August 2010,2010-08-31,NA,NA
1,3,Miranda,IN,Walnut and Apricot Bread,3rd,"Lemon Iced Buns
Chocolate and Orange Buns",31 August 2010,2010-08-31,NA,NA
1,3,Ruth,IN,Maple and Pecan Bread,2nd,"Chocolate and Orange Panettone
Cranberry Bagels",31 August 2010,2010-08-31,NA,NA
1,3,Jonathan,OUT,"Anchovy, Sweet Paprika and Oregano Bread",6th,"Sticky Lemon Honey Bun
Olive and Anchovy Roll
Sundried Tomatoes and Fresh Herbs Roll
Stilton, Walnut and Apple Roll
Cinnamon and Cardamom Chelsea Bun",31 August 2010,2010-08-31,NA,NA
1,3,Annetha,NA,NA,NA,NA,31 August 2010,2010-08-31,NA,NA
1,3,Lea,NA,NA,NA,NA,31 August 2010,2010-08-31,NA,NA
1,3,Louise,NA,NA,NA,NA,31 August 2010,2010-08-31,NA,NA
1,3,Mark,NA,NA,NA,NA,31 August 2010,2010-08-31,NA,NA
1,4,Edd,IN,Apple and Plum Pudding,3rd,"Apple and Cinnamon Crumble, Nutella Banana Brioche Bread Pudding, Rhubarb and Strawberry Suet Layer",7 September 2010,2010-09-07,NA,NA
1,4,Jasminder,IN,Sticky Toffee Pudding with Tropical Fruit & Toffee Sauce,2nd,"Bread & Butter Pudding, Treacle Suet Pudding with Fresh Fruit, Apple and Pineapple Crumble",7 September 2010,2010-09-07,NA,NA
1,4,Miranda,IN,Sticky Toffee Pudding,1st,"Queen of Puddings, Chocolate Pear Roly Poly, Strawberry and Rhubarb Crumble",7 September 2010,2010-09-07,NA,NA
1,4,Ruth,IN,Peach and Blueberry Boy Bait,4th,"Apple & Ginger Crumble, Rhubarb Suet Crust, Cherry Queen of Puddings",7 September 2010,2010-09-07,NA,NA
1,4,David,OUT,Pear and Walnut Pudding,5th,"Apple and Blackberry Crumble, Rhubarb and Orange Betty, Suet Pear",7 September 2010,2010-09-07,NA,NA
1,4,Annetha,NA,NA,NA,NA,7 September 2010,2010-09-07,NA,NA
1,4,Jonathan,NA,NA,NA,NA,7 September 2010,2010-09-07,NA,NA
1,4,Lea,NA,NA,NA,NA,7 September 2010,2010-09-07,NA,NA
1,4,Louise,NA,NA,NA,NA,7 September 2010,2010-09-07,NA,NA
1,4,Mark,NA,NA,NA,NA,7 September 2010,2010-09-07,NA,NA
1,5,Edd,IN,"Chicken, Ham, Leek and Tarragon Pie",2nd,"Almond Sweet Pastry with Ginger and Chocolate
Raspberry Tart / Yorkshire Curd Tart
Chickpea and Salami, Red and Yellow Pepper,
Asparagus Gruyere Quiche Canapés",14 September 2010,2010-09-14,NA,NA
1,5,Miranda,IN,"Summery Salmon, Cod and Prawn Fish Pie",1st,"Chocolate Pastry filled with Orange Cheesecake
Chocolate Pastry filled with Milk Chocolate Ganche
Strawberry Tart with Red Currant Glaze
Cheesy Crab, Broad Bean and Tomato, Pancetta Risotto Canapés",14 September 2010,2010-09-14,NA,NA
1,5,Ruth,IN,Minced Beef Pie,3rd,"Raspberry and Dark Chocolate Tart
Creme Patisserie and Cherry Tart
Citrus Curd Tart with Creme Brulee top
Tomato, Asparagus Twirl Canapés",14 September 2010,2010-09-14,NA,NA
1,5,Jasminder,OUT,Chicken and Mushroom Pie,4th,"Jaggery, Carrot, and Spiced Condensed Milk Tart
Fruit and Custard Tart
Thai Chili Red Onion, Duck in Plum Sauce, Salmon and Prawn Canapés",14 September 2010,2010-09-14,NA,NA
1,5,Annetha,NA,NA,NA,NA,14 September 2010,2010-09-14,NA,NA
1,5,David,NA,NA,NA,NA,14 September 2010,2010-09-14,NA,NA
1,5,Jonathan,NA,NA,NA,NA,14 September 2010,2010-09-14,NA,NA
1,5,Lea,NA,NA,NA,NA,14 September 2010,2010-09-14,NA,NA
1,5,Louise,NA,NA,NA,NA,14 September 2010,2010-09-14,NA,NA
1,5,Mark,NA,NA,NA,NA,14 September 2010,2010-09-14,NA,NA
1,6,Ruth,Runner-Up,"Mint, Ginger and Blackberry Cake",N/A,"24 Red Pepper and Cheese Quiche Tarts
24 Sultana Scones
24 Vanilla and Lemon Choux Buns
24 Finger Sandwiches",21 September 2010,2010-09-21,NA,NA
1,6,Miranda,Third Place,Lemon Cupcake,N/A,Eliminated after signature,21 September 2010,2010-09-21,NA,NA
1,6,Edd,WINNER,Cinnamon and Banana Cake,N/A,"24 Chocolate and Ginger Tarts
24 Lemon Scones with Passion Fruit Curd
24 Raspberry Choux Buns
24 Finger Sandwiches",21 September 2010,2010-09-21,NA,NA
1,6,Annetha,NA,NA,NA,NA,21 September 2010,2010-09-21,NA,NA
1,6,David,NA,NA,NA,NA,21 September 2010,2010-09-21,NA,NA
1,6,Jasminder,NA,NA,NA,NA,21 September 2010,2010-09-21,NA,NA
1,6,Jonathan,NA,NA,NA,NA,21 September 2010,2010-09-21,NA,NA
1,6,Lea,NA,NA,NA,NA,21 September 2010,2010-09-21,NA,NA
1,6,Louise,NA,NA,NA,NA,21 September 2010,2010-09-21,NA,NA
1,6,Mark,NA,NA,NA,NA,21 September 2010,2010-09-21,NA,NA
2,1,Ben,IN,"Rhubarb and Custard Cupcakes
After Dinner Cupcakes",2nd,"Vanilla Sponge with White Chocolate
and Raspberry Buttercream",16 August 2011,2011-08-16,NA,NA
2,1,Ian,IN,Apple and Cinnamon Cupcakes,10th,UNKNOWN,16 August 2011,2011-08-16,NA,NA
2,1,Janet,IN,Raspberry and Cream Cupcakes,8th,"Chocolate Marble Cake
with Dark and White Chocolate Truffles",16 August 2011,2011-08-16,NA,NA
2,1,Jason,IN,"Lemon Meringue Cupcakes
Apple and Cinnamon Cupcakes",6th,UNKNOWN,16 August 2011,2011-08-16,NA,NA
2,1,Joanne,IN,"Chocolate Orange Cupcakes
Orange and Cardamom Cupcakes",11th,Chocolate and Strawberry Cake,16 August 2011,2011-08-16,NA,NA
2,1,Mary-Anne,IN,Banoffee Cupcakes,4th,Chocolate and Raspberry Opera cake,16 August 2011,2011-08-16,NA,NA
2,1,Robert,IN,"Blackberry and Vanilla Cupcakes
with Liquorice Frosting",3rd,"Genoise Layered Mousse Cake
with Chocolate Ganache",16 August 2011,2011-08-16,NA,NA
2,1,Simon,IN,Guinness and Chocolate Cupcakes,9th,Two-Tiered Chocolate Courgette Cake,16 August 2011,2011-08-16,NA,NA
2,1,Urvashi,IN,Cherry Blossom CupcakesJapanese Lime Cupcakes,7th,UNKNOWN,16 August 2011,2011-08-16,NA,NA
2,1,Yasmin,IN,Cardamom and Pomegranate Cupcakes,5th,UNKNOWN,16 August 2011,2011-08-16,NA,NA
2,1,Keith,OUT,Earl Grey Cupcakes,12th,Chocolate and Sour Cream Cake,16 August 2011,2011-08-16,NA,NA
2,1,Holly,SB,"Cherry Bakewell Inspired Cupcakes
Ginger Cupcakes with Fig Truffle",1st,UNKNOWN,16 August 2011,2011-08-16,NA,NA
2,2,Ben,IN,"Chorizo, Pepper and Gruyere Quiche",1st,UNKNOWN,23 August 2011,2011-08-23,NA,NA
2,2,Holly,IN,Pesto Quiche,4th,"Milk Chocolate and Pistachio Tarts
Trifle Tarts",23 August 2011,2011-08-23,NA,NA
2,2,Ian,IN,"Stilton, Spinach and New Potato Quiche
with Paprika and Walnut Pastry",2nd,UNKNOWN,23 August 2011,2011-08-23,NA,NA
2,2,Janet,IN,Quiche Printanière,8th,"Red Fruit Tarts
Chocolate and Cherry Tarts",23 August 2011,2011-08-23,NA,NA
2,2,Joanne,IN,"Caramelised Onion, Gruyere and Thyme Quiche",10th,"Raspberry and Mascarpone Tarts with Lemon and Almond Pastry
Honey and Almond Tarts with Sweetcrust",23 August 2011,2011-08-23,NA,NA
2,2,Mary-Anne,IN,"Roasted Cauliflower, Cheese and
Caramelised Onion Quiche",9th,"Butterscotch Brulée Tarts in Pecan Pastry
Apple Rose Tarts",23 August 2011,2011-08-23,NA,NA
2,2,Robert,IN,Smoked Bacon and Kale Quiche,5th,"Chocolate, Fennel and Ginger Tart
Almond, Creme Patissiere and Poached Pear Tart",23 August 2011,2011-08-23,NA,NA
2,2,Urvashi,IN,"Crab, Coriander and Coconut Quiche",7th,"Strawberry and Basil Tarts
Elderflower and Honeycomb Tarts",23 August 2011,2011-08-23,NA,NA
2,2,Yasmin,IN,Smoked Haddock and Watercress Quiche,6th,"Chocolate and Orange with Cinnamon-Orange Pastry Tarts
Blueberry and Hazelnut with Hazelnut Pastry Tarts",23 August 2011,2011-08-23,NA,NA
2,2,Simon,OUT,Smoked Haddock and Watercress Quiche,11th,"Passion Fruit and Ricotta Tarts
Salted Chocolate, Stem Ginger and Mascarpone Cream Tarts",23 August 2011,2011-08-23,NA,NA
2,2,Jason,SB,Salmon and Pak Choi Quiche,3rd,"Mint Chocolate Tarts
Blueberry Bakewell Tarts",23 August 2011,2011-08-23,NA,NA
2,2,Keith,NA,NA,NA,NA,23 August 2011,2011-08-23,NA,NA
2,3,Ben,IN,"Walnut, Raisin and Rosemary Loaf",3rd,UNKNOWN,30 August 2011,2011-08-30,NA,NA
2,3,Holly,IN,Picnic Loaf,6th,Stilton and Walnut Rolls,30 August 2011,2011-08-30,NA,NA
2,3,Janet,IN,Zupfe Loaf with Gruyère Cheese,8th,"Apple and Walnut Granary Rolls
Red Onion Cottage Rolls",30 August 2011,2011-08-30,NA,NA
2,3,Jason,IN,Cheese and Onion Tear and Share Loaf,7th,UNKNOWN,30 August 2011,2011-08-30,NA,NA
2,3,Joanne,IN,"Stromboli flavored with Mozzarella, Ham, and Picante Pepper",1st,UNKNOWN,30 August 2011,2011-08-30,NA,NA
2,3,Mary-Anne,IN,Ploughman's Loaf,5th,"Herb and Walnut Breads
Chocolate and Chilli Buns",30 August 2011,2011-08-30,NA,NA
2,3,Robert,IN,Rye and Coriander Seed Loaf,4th,"Blueberry Brioche Rolls
Lemon and Poppy Seed Rolls",30 August 2011,2011-08-30,NA,NA
2,3,Ian,OUT,"Courgette, Caerphilly Cheese and Thyme Loaf",10th,"Walnut and Raisin Rolls
Cracked Wheat Logs",30 August 2011,2011-08-30,NA,NA
2,3,Urvashi,OUT,Salt and Peppercorn Loaf,9th,"Chilli and Halloumi Rolls
Lemon and Coriander Mini Loaves",30 August 2011,2011-08-30,NA,NA
2,3,Yasmin,SB,Egyptian Dukkah Loaf with Mixed Spices,2nd,"Pesto Buns
Sweet Coconut Rolls",30 August 2011,2011-08-30,NA,NA
2,3,Keith,NA,NA,NA,NA,30 August 2011,2011-08-30,NA,NA
2,3,Simon,NA,NA,NA,NA,30 August 2011,2011-08-30,NA,NA
2,4,Janet,IN,Christmas Marzipan Biscuits,4th,"Raspberry Macarons
Blackcurrant Macarons
Almond Macarons",6 September 2011,2011-09-06,NA,NA
2,4,Joanne,IN,Lavender Biscuits,8th,"Blueberry Macarons
Coconut Macarons
Strawberry Macarons",6 September 2011,2011-09-06,NA,NA
2,4,Mary-Anne,IN,Melting Moments,2nd,"Blackcurrant and Mint Macarons
Gooseberry and Elderflower Macarons
Hazelnut Macarons",6 September 2011,2011-09-06,NA,NA
2,4,Robert,IN,Chocolate and Ginger Oat Biscuits,7th,"Strawberry and Lime Macarons
Lemon Macarons
Chocolate and Cardamom Macarons",6 September 2011,2011-09-06,NA,NA
2,4,Yasmin,IN,Chocolate Chip and Pistachio Biscotti,6th,"Chocolate and Lime Macarons
Coffee and Walnut Macarons
Pineapple and Coconut Macarons",6 September 2011,2011-09-06,NA,NA
2,4,Ben,OUT,Stem Ginger Nuts,5th,"Chocolate and Almond Macarons
Pine Nut Macarons
Pistachio Macarons",6 September 2011,2011-09-06,NA,NA
2,4,Holly,SB,Strawberry and Custard Melts,3rd,"'Chocolate bars of my youth'
(Caramel Macarons, Mint Chocolate Macarons and Chocolate Orange Macarons)",6 September 2011,2011-09-06,NA,NA
2,4,Jason,SB,Lebkuchen,1st,"Mocktail Macarons
(Mojito, Cranberry Cooler, and Pina Colada)",6 September 2011,2011-09-06,NA,NA
2,4,Ian,NA,NA,NA,NA,6 September 2011,2011-09-06,NA,NA
2,4,Keith,NA,NA,NA,NA,6 September 2011,2011-09-06,NA,NA
2,4,Simon,NA,NA,NA,NA,6 September 2011,2011-09-06,NA,NA
2,4,Urvashi,NA,NA,NA,NA,6 September 2011,2011-09-06,NA,NA
2,5,Holly,IN,"Stilton, Potato and Caramelised Onion Pie",4th,Lime Meringue Pie,13 September 2011,2011-09-13,NA,NA
2,5,Joanne,IN,Salmon and Asparagus Pie,6th,Apple and Raspberry Meringue Pie,13 September 2011,2011-09-13,NA,NA
2,5,Mary-Anne,IN,Chicken and Bacon Pie,2nd,Midnight Meringue,13 September 2011,2011-09-13,NA,NA
2,5,Yasmin,IN,Family Fish Pie,5th,Peach and Raspberry Meringue Pie,13 September 2011,2011-09-13,NA,NA
2,5,Jason,OUT,Brown Down Chicken Pie,7th,Plum Meringue Pie,13 September 2011,2011-09-13,NA,NA
2,5,Robert,OUT,Chicken and Mushroom Pie,3rd,Rhubarb and Custard Meringue Pie,13 September 2011,2011-09-13,NA,NA
2,5,Janet,SB,Chicken and Chestnut Pie,1st,Rhubarb Meringue Pie,13 September 2011,2011-09-13,NA,NA
2,5,Ben,NA,NA,NA,NA,13 September 2011,2011-09-13,NA,NA
2,5,Ian,NA,NA,NA,NA,13 September 2011,2011-09-13,NA,NA
2,5,Keith,NA,NA,NA,NA,13 September 2011,2011-09-13,NA,NA
2,5,Simon,NA,NA,NA,NA,13 September 2011,2011-09-13,NA,NA
2,5,Urvashi,NA,NA,NA,NA,13 September 2011,2011-09-13,NA,NA
2,6,Holly,IN,Father Christmas' Baked Cheesecake,3rd,Hansel and Gretel's Croquembouche,20 September 2011,2011-09-20,NA,NA
2,6,Janet,IN,Rhubarb and Ginger Baked Cheesecake,5th,Orange and Nougatine Croquembouche,20 September 2011,2011-09-20,NA,NA
2,6,Mary-Anne,IN,Tutti Fruitti Curd Baked Cheesecake,4th,Orange and Praline Croquembouche with Cardamom Caramel,20 September 2011,2011-09-20,NA,NA
2,6,Yasmin,OUT,Baked Amaretto Cheesecake,2nd,Rose Croquembouche,20 September 2011,2011-09-20,NA,NA
2,6,Joanne,SB,Rum and Raisin Baked Cheesecake,1st,Limoncello and White Chocolate Croquembouche,20 September 2011,2011-09-20,NA,NA
2,6,Ben,NA,NA,NA,NA,20 September 2011,2011-09-20,NA,NA
2,6,Ian,NA,NA,NA,NA,20 September 2011,2011-09-20,NA,NA
2,6,Jason,NA,NA,NA,NA,20 September 2011,2011-09-20,NA,NA
2,6,Keith,NA,NA,NA,NA,20 September 2011,2011-09-20,NA,NA
2,6,Robert,NA,NA,NA,NA,20 September 2011,2011-09-20,NA,NA
2,6,Simon,NA,NA,NA,NA,20 September 2011,2011-09-20,NA,NA
2,6,Urvashi,NA,NA,NA,NA,20 September 2011,2011-09-20,NA,NA
2,7,Holly,IN,"White Chocolate, Hazelnut and Raspberry Genoise Mousse Cake",1st,"Apricot, Macadamia and White Chocolate Pinwheels
Almond Croissants
Apple, Raisin and Cinnamon Plaits",27 September 2011,2011-09-27,NA,NA
2,7,Joanne,IN,Raspberry & Strawberry Mousse Cake,3rd,"Pain Aux Raisin
Chocolate Twists
Banana and Raisin Pastries",27 September 2011,2011-09-27,NA,NA
2,7,Mary-Anne,IN,Chocolate and Orange Mousse Cake,2nd,"Raspberry Rose Danishes
Praline SpiralsAlsatian Plaited Danishes",27 September 2011,2011-09-27,NA,NA
2,7,Janet,OUT,Chocolate Amaretto Mousse Cake,4th,"Pain Aux Raisin
Plain Croissant
Pain Au Chocolat",27 September 2011,2011-09-27,NA,NA
2,7,Ben,NA,NA,NA,NA,27 September 2011,2011-09-27,NA,NA
2,7,Ian,NA,NA,NA,NA,27 September 2011,2011-09-27,NA,NA
2,7,Jason,NA,NA,NA,NA,27 September 2011,2011-09-27,NA,NA
2,7,Keith,NA,NA,NA,NA,27 September 2011,2011-09-27,NA,NA
2,7,Robert,NA,NA,NA,NA,27 September 2011,2011-09-27,NA,NA
2,7,Simon,NA,NA,NA,NA,27 September 2011,2011-09-27,NA,NA
2,7,Urvashi,NA,NA,NA,NA,27 September 2011,2011-09-27,NA,NA
2,7,Yasmin,NA,NA,NA,NA,27 September 2011,2011-09-27,NA,NA
2,8,Holly,Runner Up,Banoffee Inspired Mille Feuille,2nd,"Strawberry and Cream Meringue Nest
Gooseberry and Elderflower 'Bakewell' Tarts
Neapolitan Ice-Cream Sandwich",4 October 2011,2011-10-04,NA,NA
2,8,Mary-Anne,Runner Up,Lemon and Ginger Mille Feuille,3rd,"Fruit Tarts with Elderflower Custard
Strawberry and Rhubarb Cheesecakes
Black Fruit Meringue with Everlasting Syllabub",4 October 2011,2011-10-04,NA,NA
2,8,Joanne,WINNER,Raspberry and Blueberry Mille Feuille,1st,"Mini Victoria Sandwiches
Raspberry, White Chocolate and Pistachio Mini Meringues
Mini Banoffee Pie with Banana Mousse",4 October 2011,2011-10-04,NA,NA
2,8,Ben,NA,NA,NA,NA,4 October 2011,2011-10-04,NA,NA
2,8,Ian,NA,NA,NA,NA,4 October 2011,2011-10-04,NA,NA
2,8,Janet,NA,NA,NA,NA,4 October 2011,2011-10-04,NA,NA
2,8,Jason,NA,NA,NA,NA,4 October 2011,2011-10-04,NA,NA
2,8,Keith,NA,NA,NA,NA,4 October 2011,2011-10-04,NA,NA
2,8,Robert,NA,NA,NA,NA,4 October 2011,2011-10-04,NA,NA
2,8,Simon,NA,NA,NA,NA,4 October 2011,2011-10-04,NA,NA
2,8,Urvashi,NA,NA,NA,NA,4 October 2011,2011-10-04,NA,NA
2,8,Yasmin,NA,NA,NA,NA,4 October 2011,2011-10-04,NA,NA
3,1,Brendan,IN,"Plum, Sour Cherry & Walnut Upside Down Cake",10th,UNKNOWN,14 August 2012,2012-08-14,NA,NA
3,1,Cathryn,IN,"Apple, Hazelnut and Calvados Upside Down Cake",5th,Hidden Cupcake Cake,14 August 2012,2012-08-14,NA,NA
3,1,Danny,IN,"Plum, Ginger & Orange Upside Down Cake",7th,UNKNOWN,14 August 2012,2012-08-14,NA,NA
3,1,James,IN,"Parsnip, Pear, and Pecan Upside Down Cake",2nd,"""Simmer Dim"" Sunset Cake",14 August 2012,2012-08-14,NA,NA
3,1,John,IN,"Toffee Apple, Orange & Cranberry Upside Down Cake",11th,Hidden Pink Hearts Cake,14 August 2012,2012-08-14,NA,NA
3,1,Manisha,IN,"Vanilla, Peach and Raspberry Upside Down Cake",6th,UNKNOWN,14 August 2012,2012-08-14,NA,NA
3,1,Peter,IN,"Pear, Muscat & Chocolate Upside Down Cake",3rd,Jubilee Cake,14 August 2012,2012-08-14,NA,NA
3,1,Ryan,IN,Kumquat and Orange Polenta Upside Down Cake,8th,Hidden Flowerbed Mousse Cake,14 August 2012,2012-08-14,NA,NA
3,1,Sarah-Jane,IN,"Pear, Chocolate and Hazelnut Upside Down Cake",1st,Hidden Crown Cake,14 August 2012,2012-08-14,NA,NA
3,1,Stuart,IN,Tomato and Ginger Upside Down Cake,9th,Lemon and Pistachio Union Flag Cake,14 August 2012,2012-08-14,NA,NA
3,1,Natasha,OUT,Pineapple & Passion Fruit Upside Down Cake,12th,Mother's Day Layered Rose Cake,14 August 2012,2012-08-14,NA,NA
3,1,Victoria,SB,Pear and Pecan Upside Down Cake,4th,Blackbird Pie Cake,14 August 2012,2012-08-14,NA,NA
3,2,Brendan,IN,"Middle Eastern Taboon Bread
Indian Roti",4th,"Chocolate and Vanilla Bagels
Cumin and Gruyere Bagels",21 August 2012,2012-08-21,NA,NA
3,2,Cathryn,IN,"Spiced Mango Naan
Lime, Coriander and Chilli Tortilla",8th,"Cranberry and Orange Bagels
Chipotle, Chili, and Smoked Cheddar Bagels",21 August 2012,2012-08-21,NA,NA
3,2,Danny,IN,"Lime Coriander and Coconut Tortillas
Zaatar Naan with Dukkah",3rd,UNKNOWN,21 August 2012,2012-08-21,NA,NA
3,2,James,IN,"Tomato, Garlic, and Parmesan FlatbreadTattie Scones",2nd,"Orange, Mint and Chocolate Bagels
'Millers' Sourdough Bagels",21 August 2012,2012-08-21,NA,NA
3,2,Manisha,IN,"Indian Flatbreads
Italian Flatbreads",6th,UNKNOWN,21 August 2012,2012-08-21,NA,NA
3,2,Ryan,IN,"Shanghai Spring Onion Flatbread
Garlic and Coriander Naan",5th,"Cinnamon and Date Bagels
Tarragon and Rosemary Bagels",21 August 2012,2012-08-21,NA,NA
3,2,Sarah-Jane,IN,Coconut RotiOatcakes,10th,UNKNOWN,21 August 2012,2012-08-21,NA,NA
3,2,Stuart,IN,"Bombay Bread
Chorizo and Spring Onion Naan",9th,"Cinnamon and Cranberry Bagels
Tomato and Thyme Bagels",21 August 2012,2012-08-21,NA,NA
3,2,Victoria,IN,"Coriander and Lemon Naan
Garlic and Parsnip Chapatis",7th,"Saffron and Golden Raisin Bagels
Porcini Bagels",21 August 2012,2012-08-21,NA,NA
3,2,Peter,OUT,Fennel and Nigella Seed NaanBannock Bread,11th,"Rosemary and Sea Salt Bagels
Apple and Cinnamon Bagels",21 August 2012,2012-08-21,NA,NA
3,2,John,SB,"Coriander and Chilli Rotis
Garlic, Pomegranate and Potato Pitas",1st,"Fig, Walnut and Gruyere Bagels
Blueberry and White Chocolate Bagels",21 August 2012,2012-08-21,NA,NA
3,2,Natasha,NA,NA,NA,NA,21 August 2012,2012-08-21,NA,NA
3,3,Brendan,IN,Apple and Ginger Tarte Tatin,9th,"Blackberry, Nectarine and Dragon Fruit Tart",28 August 2012,2012-08-28,NA,NA
3,3,Cathryn,IN,"Plum, Cherry and Five Spice Tarte Tatin",3rd,"Raspberry, Pistachio and Lemon Tart",28 August 2012,2012-08-28,NA,NA
3,3,Danny,IN,Savoury Pear and Roquefort Tarte Tatin,2nd,"Pineapple, Coconut and Frangipane Tart",28 August 2012,2012-08-28,NA,NA
3,3,John,IN,Apple and Vanilla Tarte Tatin with Walnut Praline,6th,"Berries, Grapes, Pomegranate, and Dragon Fruit Tart",28 August 2012,2012-08-28,NA,NA
3,3,Manisha,IN,"Cinnamon, Apple and Pear Tarte Tatin",10th,Rum and Tropical Fruit Tart,28 August 2012,2012-08-28,NA,NA
3,3,Ryan,IN,Spiced Pear Tarte Tatin,5th,UNKNOWN,28 August 2012,2012-08-28,NA,NA
3,3,Sarah-Jane,IN,Caramelised Banana Tarte Tatin,8th,French Apple Tart with Blackberry and Cassis Jam,28 August 2012,2012-08-28,NA,NA
3,3,Stuart,IN,Pear and Almond Tarte Tatin,7th,Raspberry Triple Chocolate Layered Tart,28 August 2012,2012-08-28,NA,NA
3,3,Victoria,OUT,"Fig, Walnut and Pink Peppercorn Tarte Tatin",4th,Tropical Fruit Tart with Black Pepper Crust,28 August 2012,2012-08-28,NA,NA
3,3,James,SB,Apple and Lavender Tarte Tatin,1st,"Rose, Lychee and Raspberry Fruit Tart",28 August 2012,2012-08-28,NA,NA
3,3,Natasha,NA,NA,NA,NA,28 August 2012,2012-08-28,NA,NA
3,3,Peter,NA,NA,NA,NA,28 August 2012,2012-08-28,NA,NA
3,4,Cathryn,IN,"White Chocolate, Macadamia and Coffee Torte",3rd,"Gooseberry, Almond and Honey Meringue",4 September 2012,2012-09-04,NA,NA
3,4,Danny,IN,"Blackberry, White Chocolate, Lemon and Elderflower Torte",2nd,"'Monte Bianco' Chestnut, Chocolate and Coffee Dacquoise",4 September 2012,2012-09-04,NA,NA
3,4,James,IN,"Hazelnut, Chocolate and Passionfruit Torte",5th,"Fig, Chestnut, Cherry and Chocolate Layered Meringue",4 September 2012,2012-09-04,NA,NA
3,4,John,IN,'Torte Noir' Black Forest Torte with Boozy Cream,6th,Elderflower and Bramble Berry Pavlova,4 September 2012,2012-09-04,NA,NA
3,4,Manisha,IN,"Almond, Chocolate and Cherry Torte",9th,Tiramisu Layered Meringue Dessert,4 September 2012,2012-09-04,NA,NA
3,4,Ryan,IN,Green Tea Opera Torte,7th,"Strawberry, Rose and Pistachio Meringue",4 September 2012,2012-09-04,NA,NA
3,4,Sarah-Jane,IN,Chocolate and Almond Truffle Torte,4th,Hazelnut Tiramisu Layered Meringue,4 September 2012,2012-09-04,NA,NA
3,4,Stuart,OUT,Black Forest Torte,8th,Choca Blocka Mocha Meringue,4 September 2012,2012-09-04,NA,NA
3,4,Brendan,SB,Clementine and Chestnut Torte,1st,"Pear, Chocolate and Hazelnut Dacquoise",4 September 2012,2012-09-04,NA,NA
3,4,Natasha,NA,NA,NA,NA,4 September 2012,2012-09-04,NA,NA
3,4,Peter,NA,NA,NA,NA,4 September 2012,2012-09-04,NA,NA
3,4,Victoria,NA,NA,NA,NA,4 September 2012,2012-09-04,NA,NA
3,5,Brendan,IN,Salmon Coulibiac in a Scandinavian Pastry,3rd,All American Chiffon Pie,11 September 2012,2012-09-11,NA,NA
3,5,Cathryn,IN,Full English Wellington,1st,Chocolate and Peanut Butter Pumpkin Pie,11 September 2012,2012-09-11,NA,NA
3,5,Danny,IN,"Chickpea, Spinach & Mushroom Wellington",7th,Trick or Treat Pumpkin Pie,11 September 2012,2012-09-11,NA,NA
3,5,James,IN,Four Pig Wellington,6th,Sweet Potato Pie,11 September 2012,2012-09-11,NA,NA
3,5,John,IN,Venison and Haggis Wellington,2nd,Star-Spangled Pecan Pie,11 September 2012,2012-09-11,NA,NA
3,5,Sarah-Jane,IN,Beef Wellington with Parma Ham and Gorgonzola Cheese,4th,Chocolate and Banana Cream Pie,11 September 2012,2012-09-11,NA,NA
3,5,Manisha,OUT,Lamb Wellington with Rosemary and Mint,5th,Banana Scotch Pie,11 September 2012,2012-09-11,NA,NA
3,5,Ryan,SB,Curry Spiced Seabass Wellington,8th,Key Lime Pie,11 September 2012,2012-09-11,NA,NA
3,5,Natasha,NA,NA,NA,NA,11 September 2012,2012-09-11,NA,NA
3,5,Peter,NA,NA,NA,NA,11 September 2012,2012-09-11,NA,NA
3,5,Stuart,NA,NA,NA,NA,11 September 2012,2012-09-11,NA,NA
3,5,Victoria,NA,NA,NA,NA,11 September 2012,2012-09-11,NA,NA
3,6,Cathryn,IN,"Chocolate Walnut Whip Puddings
Elderflower Sponges",3rd,Roasted Vegetable Couscous and Sheep Cheese Strudel,18 September 2012,2012-09-18,NA,NA
3,6,Danny,IN,"Banoffee Puddings with Walnut Butterscotch Sauce
Jubilee Chocolate Fondants",2nd,"Leek, Potato, Pistachio and Gruyère Strudel",18 September 2012,2012-09-18,NA,NA
3,6,James,IN,Banana and Clove PuddingsClootie Dumplings,7th,"Strawberry, Rhubarb and Ginger Strudel",18 September 2012,2012-09-18,NA,NA
3,6,John,IN,"Spicy Toffee Puddings
Raspberry and White Chocolate Puddings",5th,Did not complete due to injury,18 September 2012,2012-09-18,NA,NA
3,6,Ryan,IN,"Chocolate Fondants
Sticky Ginger and Date Puddings",6th,"Apple, Sour Cherry, Raisin and Mixed Nuts Strudel",18 September 2012,2012-09-18,NA,NA
3,6,Sarah-Jane,IN,"Sticky Toffee Puddings
Granny's Saucy Lemon Puddings",4th,Sweet Strudel with Sour Cherries,18 September 2012,2012-09-18,NA,NA
3,6,Brendan,SB,"Rhubarb, Strawberry and Ginger Puddings
Sticky Toffee Puddings",1st,"Spinach, Cheese and Walnut Strudel",18 September 2012,2012-09-18,NA,NA
3,6,Manisha,NA,NA,NA,NA,18 September 2012,2012-09-18,NA,NA
3,6,Natasha,NA,NA,NA,NA,18 September 2012,2012-09-18,NA,NA
3,6,Peter,NA,NA,NA,NA,18 September 2012,2012-09-18,NA,NA
3,6,Stuart,NA,NA,NA,NA,18 September 2012,2012-09-18,NA,NA
3,6,Victoria,NA,NA,NA,NA,18 September 2012,2012-09-18,NA,NA
3,7,Brendan,IN,Chelsea Bunski's,4th,Black Forest Christmas Stollen,25 September 2012,2012-09-25,NA,NA
3,7,Cathryn,IN,Lady Arundel's Manchet Buns,5th,Bonfire Night Tear 'n' Share Brioche,25 September 2012,2012-09-25,NA,NA
3,7,James,IN,Easter Chelsea Buns,1st,Whisky Kugelhopf-Brioche Baba,25 September 2012,2012-09-25,NA,NA
3,7,John,IN,Cherry and Almond Saffron Buns,3rd,Marzipan Stollen,25 September 2012,2012-09-25,NA,NA
3,7,Ryan,OUT,Lardy Cakes,6th,Char Siu Bao,25 September 2012,2012-09-25,NA,NA
3,7,Sarah-Jane,OUT,"Orange, Nutmeg and Saffron Buns",7th,Sour Cherry and Dark Chocolate Christmas Plait,25 September 2012,2012-09-25,NA,NA
3,7,Danny,SB,Bakewell Chelsea Buns,2nd,European Christmas Wreath,25 September 2012,2012-09-25,NA,NA
3,7,Manisha,NA,NA,NA,NA,25 September 2012,2012-09-25,NA,NA
3,7,Natasha,NA,NA,NA,NA,25 September 2012,2012-09-25,NA,NA
3,7,Peter,NA,NA,NA,NA,25 September 2012,2012-09-25,NA,NA
3,7,Stuart,NA,NA,NA,NA,25 September 2012,2012-09-25,NA,NA
3,7,Victoria,NA,NA,NA,NA,25 September 2012,2012-09-25,NA,NA
3,8,Brendan,IN,Multi-Seed Savoury Crackers,2nd,Fantasy Gingerbread Bird House,2 October 2012,2012-10-02,NA,NA
3,8,Danny,IN,Spiced Almond Drinks Crackers,4th,Gingerbread Big Ben,2 October 2012,2012-10-02,NA,NA
3,8,John,IN,Asian Spice Crackers,3rd,Gingerbread Roman Coliseum,2 October 2012,2012-10-02,NA,NA
3,8,Cathryn,OUT,Cheese and Pickle Crackers,5th,Gingerbread Buckingham Palace,2 October 2012,2012-10-02,NA,NA
3,8,James,SB,"Smoky Cayenne, Cumin and Chilli Crackers",1st,Gingerbread Barn,2 October 2012,2012-10-02,NA,NA
3,8,Manisha,NA,NA,NA,NA,2 October 2012,2012-10-02,NA,NA
3,8,Natasha,NA,NA,NA,NA,2 October 2012,2012-10-02,NA,NA
3,8,Peter,NA,NA,NA,NA,2 October 2012,2012-10-02,NA,NA
3,8,Ryan,NA,NA,NA,NA,2 October 2012,2012-10-02,NA,NA
3,8,Sarah-Jane,NA,NA,NA,NA,2 October 2012,2012-10-02,NA,NA
3,8,Stuart,NA,NA,NA,NA,2 October 2012,2012-10-02,NA,NA
3,8,Victoria,NA,NA,NA,NA,2 October 2012,2012-10-02,NA,NA
3,9,Brendan,IN,"Coffee Meringue and Hazelnut Creams
Apricot and Pistachio Friands
Lime Curd Choux Pastry Cygnets",3rd,Gateau St. Honoré,9 October 2012,2012-10-09,NA,NA
3,9,John,IN,"Lemon Madeleines
White Chocolate and Raspberry Tartlets
Dark Chocolate and Cherry Macaroons",2nd,Gateau St. Honoré a la Passion,9 October 2012,2012-10-09,NA,NA
3,9,Danny,OUT,"Blackberry and Peppermint Macaroons
Miniature Raspberry and Basil Financiers
Orange and White Chocolate Langues de Chat",4th,Rosewater and Lychee St. Honoré,9 October 2012,2012-10-09,NA,NA
3,9,James,SB,"Lemon and Rhubarb Tartlets
Chocolate Indulgence Petits Fours
Chilli, Lime and Raspberry Macaroons",1st,"Coffee, Caramel and Hazelnut Paris-Brest",9 October 2012,2012-10-09,NA,NA
3,9,Cathryn,NA,NA,NA,NA,9 October 2012,2012-10-09,NA,NA
3,9,Manisha,NA,NA,NA,NA,9 October 2012,2012-10-09,NA,NA
3,9,Natasha,NA,NA,NA,NA,9 October 2012,2012-10-09,NA,NA
3,9,Peter,NA,NA,NA,NA,9 October 2012,2012-10-09,NA,NA
3,9,Ryan,NA,NA,NA,NA,9 October 2012,2012-10-09,NA,NA
3,9,Sarah-Jane,NA,NA,NA,NA,9 October 2012,2012-10-09,NA,NA
3,9,Stuart,NA,NA,NA,NA,9 October 2012,2012-10-09,NA,NA
3,9,Victoria,NA,NA,NA,NA,9 October 2012,2012-10-09,NA,NA
3,10,Brendan,Runner Up,Potato and Pepper Pithivier,2nd,Family Reunion Chiffon Cake,16 October 2012,2012-10-16,NA,NA
3,10,James,Runner Up,Spanish Pithivier with Chorizo and Red Pepper,1st,United Chiffon Cakes,16 October 2012,2012-10-16,NA,NA
3,10,John,WINNER,Italian Sausage and Roasted Vegetable Pithivier,2nd,Heaven and Hell Chiffon Cake,16 October 2012,2012-10-16,NA,NA
3,10,Cathryn,NA,NA,NA,NA,16 October 2012,2012-10-16,NA,NA
3,10,Danny,NA,NA,NA,NA,16 October 2012,2012-10-16,NA,NA
3,10,Manisha,NA,NA,NA,NA,16 October 2012,2012-10-16,NA,NA
3,10,Natasha,NA,NA,NA,NA,16 October 2012,2012-10-16,NA,NA
3,10,Peter,NA,NA,NA,NA,16 October 2012,2012-10-16,NA,NA
3,10,Ryan,NA,NA,NA,NA,16 October 2012,2012-10-16,NA,NA
3,10,Sarah-Jane,NA,NA,NA,NA,16 October 2012,2012-10-16,NA,NA
3,10,Stuart,NA,NA,NA,NA,16 October 2012,2012-10-16,NA,NA
3,10,Victoria,NA,NA,NA,NA,16 October 2012,2012-10-16,NA,NA
4,1,Ali,IN,Rose and Pistachio Cake,11th,"Chocolate, Raspberry and Passion Fruit Engagement Cake",20 August 2013,2013-08-20,1,28-Dec-14
4,1,Beca,IN,Grapefruit Sandwich Cake,8th,Chocolate Cherry Indulgence,20 August 2013,2013-08-20,1,28-Dec-14
4,1,Christine,IN,"Strawberry, Vanilla and Rosewater Summer Basket",3rd,Chocolate and Orange 'Fripperous' Hat Cake,20 August 2013,2013-08-20,1,28-Dec-14
4,1,Deborah,IN,Pineapple Cake,9th,'Coffee Time',20 August 2013,2013-08-20,1,28-Dec-14
4,1,Frances,IN,Giant Jam Sandwich,7th,Secret Squirrel Cake,20 August 2013,2013-08-20,1,28-Dec-14
4,1,Glenn,IN,Strawberries and Cream Cake,4th,Almond and Espresso Chocolate Cake,20 August 2013,2013-08-20,1,28-Dec-14
4,1,Howard,IN,Passion Fruit and Coconut Cake,6th,Black Forest Revisited,20 August 2013,2013-08-20,1,28-Dec-14
4,1,Kimberley,IN,Blood Orange Cake,10th,"Chocolate, Raspberry & Basil Layer Cake",20 August 2013,2013-08-20,1,28-Dec-14
4,1,Lucy,IN,Timperley Early Cake,2nd,Thyme 'Wildwood' Cake,20 August 2013,2013-08-20,1,28-Dec-14
4,1,Mark,IN,Lemon and Poppy Seed Cake,5th,Chocolate Monster,20 August 2013,2013-08-20,1,28-Dec-14
4,1,Ruby,IN,Rhubarb and Custard Sandwich Cake,12th,Chocolate and Ginger Night Sky Cake,20 August 2013,2013-08-20,1,28-Dec-14
4,1,Toby,OUT,Spiced and Iced Carrot Cake,13th,Two Tiered Chocolate Cake,20 August 2013,2013-08-20,1,28-Dec-14
4,1,Robert,SB,Pecan and Apple Cake,1st,Raspberry Chocolate Cake,20 August 2013,2013-08-20,1,28-Dec-14
4,2,Ali,IN,Italian Grissini,9th,Sweet (White Chocolate & Apricots) and Savoury (Chicken Tikka & Paneer) Yin Yang Bread,27 August 2013,2013-08-27,1,4-Jan-15
4,2,Beca,IN,Fennel and Chilli Breadsticks,11th,"Five Strand Christmas Wreath (Sultanas, Cinnamon and Honey)",27 August 2013,2013-08-27,1,4-Jan-15
4,2,Christine,IN,Mediterranean Breadsticks with Oregano,4th,"Double Plaited Loaf (Onion, Cheese, and Bacon)",27 August 2013,2013-08-27,1,4-Jan-15
4,2,Deborah,IN,Fennel & Chilli Breadsticks,8th,Walnut Fleur Loaf,27 August 2013,2013-08-27,1,4-Jan-15
4,2,Frances,IN,Giant Matchsticks,2nd,Sailor's Knot,27 August 2013,2013-08-27,1,4-Jan-15
4,2,Glenn,IN,Rosemary and Parmesan Grissini,7th,Harvest Crown,27 August 2013,2013-08-27,1,4-Jan-15
4,2,Howard,IN,Moroccan Breadsticks,10th,Picasso Sun Bread (Oregano and Orange Zest),27 August 2013,2013-08-27,1,4-Jan-15
4,2,Kimberley,IN,Nigella Seed and Parmesan Breadsticks,1st,Peace Bread (Za'atar Spice Mix and Garlic),27 August 2013,2013-08-27,1,4-Jan-15
4,2,Mark,IN,Rosemary & Raisin Breadsticks,6th,Sage & Garlic Plait,27 August 2013,2013-08-27,1,4-Jan-15
4,2,Robert,IN,Twisty Rye Bread Sticks,5th,Tribute Loaf,27 August 2013,2013-08-27,1,4-Jan-15
4,2,Lucy,OUT,Grissini with Salt,12th,Roast Tomato Bread,27 August 2013,2013-08-27,1,4-Jan-15
4,2,Ruby,SB,Mexican Breadsticks,3rd,White Chocolate and Orange Peacock Bread,27 August 2013,2013-08-27,1,4-Jan-15
4,2,Toby,NA,NA,NA,NA,27 August 2013,2013-08-27,1,4-Jan-15
4,3,Ali,IN,"Coconut, Raspberry and Lemon Meringue Trifle",5th,"Vanilla Latte Mini Cakes
Lime & Mint Shortbread Pops",3 September 2013,2013-09-03,1,11-Jan-15
4,3,Beca,IN,Orange and Ginger Trifle,10th,Limoncello and Blueberry BurstsMillionaire Shortbread,3 September 2013,2013-09-03,1,11-Jan-15
4,3,Frances,IN,Apple and Blackberry Crumble Trifle,8th,'Ballet Bites' Ginger NutcrackersSugar Plum Fairy Cakes,3 September 2013,2013-09-03,1,11-Jan-15
4,3,Glenn,IN,Raspberry and Almond Trifle,1st,"Billionaire Bouchées
Orange Financiers",3 September 2013,2013-09-03,1,11-Jan-15
4,3,Howard,IN,Caramel and Apple Trifle*,7th,"Black Coffee and Cardamom Cakes
White Stilton and Pear Biscuits",3 September 2013,2013-09-03,1,11-Jan-15
4,3,Kimberley,IN,"Peach, Almond and Ginger Trifle",6th,"Chocolate Pistachio Financiers
Lemon Bergamot Biscuits",3 September 2013,2013-09-03,1,11-Jan-15
4,3,Robert,IN,Rhubarb and Orange Trifle,2nd,Almond FriandsTurǫn Macaroons,3 September 2013,2013-09-03,1,11-Jan-15
4,3,Ruby,IN,Desert Island Trifle,3rd,"Lemon Shortbread and White Chocolate Seashells
Blackberry and Chocolate Layer Cakes",3 September 2013,2013-09-03,1,11-Jan-15
4,3,Deborah,OUT,Tropical Trifle*,9th,"Canelé Cherry and Chocolate Cakes
Rose Cookies",3 September 2013,2013-09-03,1,11-Jan-15
4,3,Mark,OUT,"Ginger, Mango and Passion Fruit Trifle",11th,"Rose and Pistachio Macaroons
Chocolate and Raspberry Bites",3 September 2013,2013-09-03,1,11-Jan-15
4,3,Christine,SB,Caribbean Pina Colada Trifle,4th,Ninety-NinersSachertorte Parcels,3 September 2013,2013-09-03,1,11-Jan-15
4,3,Lucy,NA,NA,NA,NA,3 September 2013,2013-09-03,1,11-Jan-15
4,3,Toby,NA,NA,NA,NA,3 September 2013,2013-09-03,1,11-Jan-15
4,4,Beca,IN,Mamgu's Cherry-Apple Tart,2nd,Moroccan Vegetable Filo Feast,10 September 2013,2013-09-10,1,18-Jan-15
4,4,Christine,IN,"Granny Rogers' Apple, Plum & Cinnamon Country Pie",7th,Roasted Vegetable Filo Pie with Feta Cheese,10 September 2013,2013-09-10,1,18-Jan-15
4,4,Frances,IN,Peach Pie In the Sky,1st,Cherry Tree Baklava Filo Pie,10 September 2013,2013-09-10,1,18-Jan-15
4,4,Glenn,IN,Apple & Maple Syrup Pie,9th,Spanakopita (Walnut and Feta Cheese),10 September 2013,2013-09-10,1,18-Jan-15
4,4,Howard,IN,Apple Pie with Sage Pastry,5th,Fresh Fig and Feta Filo Flan,10 September 2013,2013-09-10,1,18-Jan-15
4,4,Robert,IN,Apple and Pear Pie with Thyme,3rd,Spanakopita with St George's Mushrooms,10 September 2013,2013-09-10,1,18-Jan-15
4,4,Ruby,IN,Apple and Marzipan Pie,6th,"Rose, Almond and Raspberry Filo Pie",10 September 2013,2013-09-10,1,18-Jan-15
4,4,Ali,OUT,Apple and Ginger Pie with a Pecan and Walnut Shortcrust Pastry,8th,"Orange, Cardamom and Date M'Hanncha",10 September 2013,2013-09-10,1,18-Jan-15
4,4,Kimberley,SB,Pecan and Rosemary Caramel Apple Pie,4th,"Chicken, Bacon and Butternut Squash Pie",10 September 2013,2013-09-10,1,18-Jan-15
4,4,Deborah,NA,NA,NA,NA,10 September 2013,2013-09-10,1,18-Jan-15
4,4,Lucy,NA,NA,NA,NA,10 September 2013,2013-09-10,1,18-Jan-15
4,4,Mark,NA,NA,NA,NA,10 September 2013,2013-09-10,1,18-Jan-15
4,4,Toby,NA,NA,NA,NA,10 September 2013,2013-09-10,1,18-Jan-15
4,5,Beca,IN,"Chocolate, Cherry and Hazelnut Brownies",5th,Tiered Macaron and Sugar Dough Biscuit Centrepiece,17 September 2013,2013-09-17,1,25-Jan-15
4,5,Frances,IN,Millionaire Banoffee Bonus,3rd,Biscuit Buttons and Beads,17 September 2013,2013-09-17,1,25-Jan-15
4,5,Glenn,IN,Apricot and Pistachio Tiffin,2nd,Shortbread and Macaron Helter-Skelter,17 September 2013,2013-09-17,1,25-Jan-15
4,5,Howard,IN,Breakfast Traybake,8th,Japanese Pagoda Tea Tower,17 September 2013,2013-09-17,1,25-Jan-15
4,5,Kimberley,IN,Cherry and Almond Bakewell Florentine Slice,7th,Black and White Viennese Biscuit Stack,17 September 2013,2013-09-17,1,25-Jan-15
4,5,Ruby,IN,Blackberry and Lemon Bakewell Slice,6th,'Dropped Ice-Cream' Biscuit Centrepiece,17 September 2013,2013-09-17,1,25-Jan-15
4,5,Robert,OUT,Blueberry & Orange Traybake,4th,Dalek,17 September 2013,2013-09-17,1,25-Jan-15
4,5,Christine,SB,Mixed Berry and Almond Crumble Traybake,1st,Shortbread Bavarian Clock Tower,17 September 2013,2013-09-17,1,25-Jan-15
4,5,Ali,NA,NA,NA,NA,17 September 2013,2013-09-17,1,25-Jan-15
4,5,Deborah,NA,NA,NA,NA,17 September 2013,2013-09-17,1,25-Jan-15
4,5,Lucy,NA,NA,NA,NA,17 September 2013,2013-09-17,1,25-Jan-15
4,5,Mark,NA,NA,NA,NA,17 September 2013,2013-09-17,1,25-Jan-15
4,5,Toby,NA,NA,NA,NA,17 September 2013,2013-09-17,1,25-Jan-15
4,6,Beca,IN,Bara Brith,6th,"Chocolate and Rum-Soaked Prune Brioches
Cardamom Spiced Lemon Iced Buns",24 September 2013,2013-09-24,1,1-Feb-15
4,6,Christine,IN,Oxford Nutty Fruit Loaf,4th,"Schnecken Buns
Vanilla Custard Skolebrød",24 September 2013,2013-09-24,1,1-Feb-15
4,6,Frances,IN,Chai Tea Loaf,2nd,"Hot Cross Brioches
Rhubarb and Custard Kolaches",24 September 2013,2013-09-24,1,1-Feb-15
4,6,Glenn,IN,Devonshire Panettone,5th,"Almond and Apricot Brioches
Sticky Caramel Kanelbullen",24 September 2013,2013-09-24,1,1-Feb-15
4,6,Kimberley,IN,Chai Spiced Ginger and Date Tea Loaf,3rd,"Double Chocolate and Hazelnut Brioches
Danish Kanelsnurrer",24 September 2013,2013-09-24,1,1-Feb-15
4,6,Howard,OUT,Date & Hemp Yorkshire Loaf,7th,"Peachy Buns
German Baumschnecken",24 September 2013,2013-09-24,1,1-Feb-15
4,6,Ruby,SB,Citrus Tea Loaf,1st,"Twisted Swedish Kanelbullar
Saffron St. Lucia Buns",24 September 2013,2013-09-24,1,1-Feb-15
4,6,Ali,NA,NA,NA,NA,24 September 2013,2013-09-24,1,1-Feb-15
4,6,Deborah,NA,NA,NA,NA,24 September 2013,2013-09-24,1,1-Feb-15
4,6,Lucy,NA,NA,NA,NA,24 September 2013,2013-09-24,1,1-Feb-15
4,6,Mark,NA,NA,NA,NA,24 September 2013,2013-09-24,1,1-Feb-15
4,6,Robert,NA,NA,NA,NA,24 September 2013,2013-09-24,1,1-Feb-15
4,6,Toby,NA,NA,NA,NA,24 September 2013,2013-09-24,1,1-Feb-15
4,7,Beca,IN,"Spring Lamb and Vegetable Suet Pudding
with Redcurrant Gravy",1st,"Nectarine and Frangipane Squares
Chocolate and Hazelnut Vol-au-vents
Strawberries and Cream Mille-feuille",1 October 2013,2013-10-01,1,8-Feb-15
4,7,Christine,IN,"Spotted Dick 'With a Kick'
and Vanilla Custard Ice Cream",6th,"Eccles Cakes
Fresh Fruit Baskets
Lemon Cream Eton Mess Mille-feuille",1 October 2013,2013-10-01,1,8-Feb-15
4,7,Kimberley,IN,"Barberry and Apple Spotted Dick
with Maple Syrup and White Chocolate Custard",4th,"Pear, Malt and Butterscotch Mille-feuille
Blackberry and Lemon Verbena Crème Brûle Custard Tarts
Fig, Orange and Thyme Galette",1 October 2013,2013-10-01,1,8-Feb-15
4,7,Ruby,IN,"Plum Jam Roly-Poly
with Ginger Ice cream",2nd,"Raspberry and Passion Fruit Mille-feuille
Caramelised Apple Lattice
Portuguese Custard Tarts",1 October 2013,2013-10-01,1,8-Feb-15
4,7,Glenn,OUT,"Prune and Armagnac Pudding
with Boozy Butterscotch Sauce",3rd,"Caramelised Apple and Marzipan Tartlets
Chocolate Elephant EarsPassion Fruit Mille-feuille",1 October 2013,2013-10-01,1,8-Feb-15
4,7,Frances,SB,"Figgy Roll-y Poly Pudding
with Caramelised Walnut and Honey Ice-Cream",5th,"French Framboise Cream Horns
Sheet Music Mille-feuille
Bass Clef Palmiers",1 October 2013,2013-10-01,1,8-Feb-15
4,7,Ali,NA,NA,NA,NA,1 October 2013,2013-10-01,1,8-Feb-15
4,7,Deborah,NA,NA,NA,NA,1 October 2013,2013-10-01,1,8-Feb-15
4,7,Howard,NA,NA,NA,NA,1 October 2013,2013-10-01,1,8-Feb-15
4,7,Lucy,NA,NA,NA,NA,1 October 2013,2013-10-01,1,8-Feb-15
4,7,Mark,NA,NA,NA,NA,1 October 2013,2013-10-01,1,8-Feb-15
4,7,Robert,NA,NA,NA,NA,1 October 2013,2013-10-01,1,8-Feb-15
4,7,Toby,NA,NA,NA,NA,1 October 2013,2013-10-01,1,8-Feb-15
4,8,Beca,IN,"Potato, Spelt and Rosemary Focaccia",4th,Spiced Butternut Squash and Pecan 'Cheese' Cake,8 October 2013,2013-10-08,1,15-Feb-15
4,8,Frances,IN,'Chelsea Flour Show' Bun Bouquet,3rd,"Hidden Carrot Cake (Ground Praline, Beetroot and Walnut)",8 October 2013,2013-10-08,1,15-Feb-15
4,8,Kimberley,IN,Wild Garlic Pesto and Parma Ham Spelt Loaf,2nd,Butternut Squash and Spice Cake Toadstool House,8 October 2013,2013-10-08,1,15-Feb-15
4,8,Christine,OUT,"Multi-Seeded Loaf with Pumpkin, Sesame and Sunflower Seeds",5th,Sweet Potato Guitar with Passion Fruit Icing and Marshmallow Fondant,8 October 2013,2013-10-08,1,15-Feb-15
4,8,Ruby,SB,Mango and Nigella Seed Spelt Cob,1st,Carrot Cake and Pistachio Garden Plot,8 October 2013,2013-10-08,1,15-Feb-15
4,8,Ali,NA,NA,NA,NA,8 October 2013,2013-10-08,1,15-Feb-15
4,8,Deborah,NA,NA,NA,NA,8 October 2013,2013-10-08,1,15-Feb-15
4,8,Glenn,NA,NA,NA,NA,8 October 2013,2013-10-08,1,15-Feb-15
4,8,Howard,NA,NA,NA,NA,8 October 2013,2013-10-08,1,15-Feb-15
4,8,Lucy,NA,NA,NA,NA,8 October 2013,2013-10-08,1,15-Feb-15
4,8,Mark,NA,NA,NA,NA,8 October 2013,2013-10-08,1,15-Feb-15
4,8,Robert,NA,NA,NA,NA,8 October 2013,2013-10-08,1,15-Feb-15
4,8,Toby,NA,NA,NA,NA,8 October 2013,2013-10-08,1,15-Feb-15
4,9,Frances,IN,"Legume Canapés:
Chantenay Carrots
Choux Pastry Tomatoes
Cauliflower Cheese Scones",2nd,Great British Soap Opera Cake,15 October 2013,2013-10-15,1,22-Feb-15
4,9,Ruby,IN,"Beetroot Jelly on Poppy Seed Biscuits
Spinach, Parmesan and Egg Tartlets
Choux Buns with Goat's Cheese and Caramelised Onions",4th,"Chocolate, Almond Praline and Saffron Opera Cake",15 October 2013,2013-10-15,1,22-Feb-15
4,9,Beca,OUT,"Stilton and Walnut Macarons
Beetroot and Salmon Choux PuffsWelsh Rarebit Tartlets",3rd,Banoffee Opera Cake,15 October 2013,2013-10-15,1,22-Feb-15
4,9,Kimberley,SB,"Pea Purée Tarts
Crab and Wasabi Profiteroles
Steamed Buns with Barbecue Chicken",1st,Passion Fruit and Lime Opera Cake,15 October 2013,2013-10-15,1,22-Feb-15
4,9,Ali,NA,NA,NA,NA,15 October 2013,2013-10-15,1,22-Feb-15
4,9,Christine,NA,NA,NA,NA,15 October 2013,2013-10-15,1,22-Feb-15
4,9,Deborah,NA,NA,NA,NA,15 October 2013,2013-10-15,1,22-Feb-15
4,9,Glenn,NA,NA,NA,NA,15 October 2013,2013-10-15,1,22-Feb-15
4,9,Howard,NA,NA,NA,NA,15 October 2013,2013-10-15,1,22-Feb-15
4,9,Lucy,NA,NA,NA,NA,15 October 2013,2013-10-15,1,22-Feb-15
4,9,Mark,NA,NA,NA,NA,15 October 2013,2013-10-15,1,22-Feb-15
4,9,Robert,NA,NA,NA,NA,15 October 2013,2013-10-15,1,22-Feb-15
4,9,Toby,NA,NA,NA,NA,15 October 2013,2013-10-15,1,22-Feb-15
4,10,Kimberley,Runner Up,Chicken and Pig Pie,1st,Languages of Love Wedding Cake,22 October 2013,2013-10-22,1,1-Mar-15
4,10,Ruby,Runner Up,Picnic Basket Pie,2nd,"Raspberry, Lemon and Passion Fruit Wedding Cake",22 October 2013,2013-10-22,1,1-Mar-15
4,10,Frances,WINNER,Rainbow Picnic Pie,3rd,Midsummer Night's Dream Wedding Cake,22 October 2013,2013-10-22,1,1-Mar-15
4,10,Ali,NA,NA,NA,NA,22 October 2013,2013-10-22,1,1-Mar-15
4,10,Beca,NA,NA,NA,NA,22 October 2013,2013-10-22,1,1-Mar-15
4,10,Christine,NA,NA,NA,NA,22 October 2013,2013-10-22,1,1-Mar-15
4,10,Deborah,NA,NA,NA,NA,22 October 2013,2013-10-22,1,1-Mar-15
4,10,Glenn,NA,NA,NA,NA,22 October 2013,2013-10-22,1,1-Mar-15
4,10,Howard,NA,NA,NA,NA,22 October 2013,2013-10-22,1,1-Mar-15
4,10,Lucy,NA,NA,NA,NA,22 October 2013,2013-10-22,1,1-Mar-15
4,10,Mark,NA,NA,NA,NA,22 October 2013,2013-10-22,1,1-Mar-15
4,10,Robert,NA,NA,NA,NA,22 October 2013,2013-10-22,1,1-Mar-15
4,10,Toby,NA,NA,NA,NA,22 October 2013,2013-10-22,1,1-Mar-15
5,1,Chetna,IN,"Cardamom, Pistachio and Coffee Swiss Roll",3rd,Tiered Victoria Sponges with Lemon Curd and Raspberry Cream,6 August 2014,2014-08-06,2,6-Sep-15
5,1,Diana,IN,Mum's Sunday Tea Lemon Curd Swiss Roll,5th,Chocolate Ganache Surprises,6 August 2014,2014-08-06,2,6-Sep-15
5,1,Enwezor,IN,Raspberry and Lemon Swiss Roll,9th,Coffee and Walnut Battenberg Squares,6 August 2014,2014-08-06,2,6-Sep-15
5,1,Iain,IN,Apricot and Basil Swiss Roll with Mascarpone and White Chocolate Cream,4th,"Lemon Drizzle Cakes with Mascarpone Filling, Drizzled Icing, and Candied Lemon",6 August 2014,2014-08-06,2,6-Sep-15
5,1,Jordan,IN,Kawaii Frasier Swiss Roll,12th,Lemon Drizzle Cakes with Blueberry and Lemon Curd,6 August 2014,2014-08-06,2,6-Sep-15
5,1,Kate,IN,Red Velvet and White Chocolate Swiss Roll,6th,Mini Tiered Victoria Sponges,6 August 2014,2014-08-06,2,6-Sep-15
5,1,Luis,IN,Spanish Swiss Roll,7th,Raspberry and Lemon Genoise Slices with Lemon Drizzles,6 August 2014,2014-08-06,2,6-Sep-15
5,1,Martha,IN,Tiramisu Swiss Roll,2nd,Mini Lemon and Thyme Drizzle Cakes,6 August 2014,2014-08-06,2,6-Sep-15
5,1,Norman,IN,Black Forest Swiss Roll,11th,Almond and Raspberry Mini Cakes,6 August 2014,2014-08-06,2,6-Sep-15
5,1,Richard,IN,Pistachio and Strawberry Swiss Roll,10th,Miniature Coffee and Walnut Cakes,6 August 2014,2014-08-06,2,6-Sep-15
5,1,Claire,OUT,Chocolatey Orangey Swirly Roll,8th,Mini Chocolate and Cherry Cakes,6 August 2014,2014-08-06,2,6-Sep-15
5,1,Nancy,SB,Coffee and Hazelnut Swiss Roll,1st,Jaffa Orange Cakes,6 August 2014,2014-08-06,2,6-Sep-15
5,2,Chetna,IN,Fenugreek and Carom Crackers,8th,Day On The Beach,13 August 2014,2014-08-13,2,13-Sep-15
5,2,Diana,IN,Parmesan Triangles,7th,"Express, First Class",13 August 2014,2014-08-13,2,13-Sep-15
5,2,Iain,IN,Za'atar and Fig Biscuits,11th,Wild West Scene,13 August 2014,2014-08-13,2,13-Sep-15
5,2,Jordan,IN,"Sourdough, Parmesan and Chilli Biscuits",6th,Monster Attack,13 August 2014,2014-08-13,2,13-Sep-15
5,2,Kate,IN,Parmesan and Apple Biscuits,4th,Tea Time,13 August 2014,2014-08-13,2,13-Sep-15
5,2,Luis,IN,Black Olive and Rosemary Biscuits with Caramelised Onion Glaze,3rd,George Versus The Dragon,13 August 2014,2014-08-13,2,13-Sep-15
5,2,Martha,IN,Caramelised Onion and Goat's Cheese Sandwich Biscuits,5th,Ski Village Scene,13 August 2014,2014-08-13,2,13-Sep-15
5,2,Nancy,IN,Fennel and Rye Thins,2nd,Hansel and Gretel Scene,13 August 2014,2014-08-13,2,13-Sep-15
5,2,Norman,IN,Farthing Biscuits,10th,Zulu Boats at Dawn,13 August 2014,2014-08-13,2,13-Sep-15
5,2,Enwezor,OUT,Pumpkin and Sunflower Savoury Biscuits,9th,Space Adventure Moon Scene,13 August 2014,2014-08-13,2,13-Sep-15
5,2,Richard,SB,Rosemary Seeded Crackers,1st,Pirates!,13 August 2014,2014-08-13,2,13-Sep-15
5,2,Claire,NA,NA,NA,NA,13 August 2014,2014-08-13,2,13-Sep-15
5,3,Chetna,IN,Onion and Pine Nut Rolls,8th,Rolled and Filled Twin Loaf,20 August 2014,2014-08-20,2,20-Sep-15
5,3,Diana,IN,Rustic Picnic Rolls,7th,Sharing Savoury Pinwheel,20 August 2014,2014-08-20,2,20-Sep-15
5,3,Iain,IN,Cranberry and Walnut Rye Bread Rolls,9th,Moroccan Plaited with a Bessara Dip,20 August 2014,2014-08-20,2,20-Sep-15
5,3,Kate,IN,Orange and Cardamom Rye Bread Knots,1st,"Prosciutto, Olive and Coriander Bread",20 August 2014,2014-08-20,2,20-Sep-15
5,3,Martha,IN,Date and Walnut Rye Rolls,3rd,Stuffed Sunflower Loaf,20 August 2014,2014-08-20,2,20-Sep-15
5,3,Nancy,IN,Cider and Walnut Crusty Rolls,5th,'Full English' Stromboli,20 August 2014,2014-08-20,2,20-Sep-15
5,3,Norman,IN,Rye Bread Rolls,4th,Chicken and Roasted Vegetable Picnic Loaf,20 August 2014,2014-08-20,2,20-Sep-15
5,3,Richard,IN,Rye and Cranberry Rolls,6th,Pesto Pinwheel,20 August 2014,2014-08-20,2,20-Sep-15
5,3,Jordan,OUT,Rye and Spelt Bread Rolls,10th,Strawberry Raspberry Cheesecake Brioche,20 August 2014,2014-08-20,2,20-Sep-15
5,3,Luis,SB,Opposites Attract Rolls,2nd,Roscón de Reyes,20 August 2014,2014-08-20,2,20-Sep-15
5,3,Claire,NA,NA,NA,NA,20 August 2014,2014-08-20,2,20-Sep-15
5,3,Enwezor,NA,NA,NA,NA,20 August 2014,2014-08-20,2,20-Sep-15
5,4,Chetna,IN,"Rhubarb, Strawberry and Orange Puddings",3rd,"Mango, Raspberry and Coconut Baked Alaska",27 August 2014,2014-08-27,2,27-Sep-15
5,4,Diana,IN,Orange and Lemon Curd Pots,9th,Raspberry Ripple Alaska Swan,27 August 2014,2014-08-27,2,27-Sep-15
5,4,Kate,IN,Chocolate and Salted Caramel Molten Puddings,7th,"Pistachio, Raspberry and Chocolate Baked Alaska",27 August 2014,2014-08-27,2,27-Sep-15
5,4,Luis,IN,Pears in Puddings,2nd,Bakewell Alaska,27 August 2014,2014-08-27,2,27-Sep-15
5,4,Martha,IN,Peanut Butter Chocolate Fondants,1st,Key Lime Baked Alaska,27 August 2014,2014-08-27,2,27-Sep-15
5,4,Nancy,IN,Pistachio Puddings with Chocolate Sauce,4th,Summer Pudding Alaska,27 August 2014,2014-08-27,2,27-Sep-15
5,4,Norman,IN,Mini Sticky Toffee Puddings,8th,Baked Alaska with Strawberry Surprise,27 August 2014,2014-08-27,2,27-Sep-15
5,4,Iain,OUT,"Chocolate, Lime and Raspberry Fondants",6th,"Chocolate, Black Sesame Seed and Coffee Caramel Baked Alaska (not presented)",27 August 2014,2014-08-27,2,27-Sep-15
5,4,Richard,SB,Black Forest Chocolate Fondants,5th,Tiramisu Baked Alaska,27 August 2014,2014-08-27,2,27-Sep-15
5,4,Claire,NA,NA,NA,NA,27 August 2014,2014-08-27,2,27-Sep-15
5,4,Enwezor,NA,NA,NA,NA,27 August 2014,2014-08-27,2,27-Sep-15
5,4,Jordan,NA,NA,NA,NA,27 August 2014,2014-08-27,2,27-Sep-15
5,5,Chetna,IN,Rice Custard Tart with Mangoes and Raspberries,2nd,Fusion Tiered Pies,3 September 2014,2014-09-03,2,4-Oct-15
5,5,Luis,IN,Tropical Manchester Tart,6th,Four Fruity Seasons Tower,3 September 2014,2014-09-03,2,4-Oct-15
5,5,Martha,IN,"Pistachio, Apricot and Honey Custard Tart",1st,Three Little Pigs Pie,3 September 2014,2014-09-03,2,4-Oct-15
5,5,Nancy,IN,Chocolate-Crusted Passion Fruit Tart,4th,Trio of Apple Pies,3 September 2014,2014-09-03,2,4-Oct-15
5,5,Richard,IN,Fig and Orange Tart,7th,Three Course Autumn Pie Feast,3 September 2014,2014-09-03,2,4-Oct-15
5,5,Diana,LEFT,NA,NA,NA,3 September 2014,2014-09-03,2,4-Oct-15
5,5,Norman,OUT,Tarte au Citron,5th,Pieful Tower,3 September 2014,2014-09-03,2,4-Oct-15
5,5,Kate,SB,Rhubarb and Custard Tart,3rd,"Rhubarb, Prune and Apple Pork Pies",3 September 2014,2014-09-03,2,4-Oct-15
5,5,Claire,NA,NA,NA,NA,3 September 2014,2014-09-03,2,4-Oct-15
5,5,Enwezor,NA,NA,NA,NA,3 September 2014,2014-09-03,2,4-Oct-15
5,5,Iain,NA,NA,NA,NA,3 September 2014,2014-09-03,2,4-Oct-15
5,5,Jordan,NA,NA,NA,NA,3 September 2014,2014-09-03,2,4-Oct-15
5,6,Kate,IN,"Pecan, Chocolate and Sour Cherry Yeast Cake",6th,Trio of Dobos Tortes,10 September 2014,2014-09-10,2,11-Oct-15
5,6,Luis,IN,Apple & Cinnamon Kugelhopf with Honeyed Apples,3rd,The Cage on the Rocky Hill,10 September 2014,2014-09-10,2,11-Oct-15
5,6,Martha,IN,Dark Chocolate and Almond Liqueur Savarin,4th,Chess-Themed Chocolate and Salted Caramel Dobos Torte,10 September 2014,2014-09-10,2,11-Oct-15
5,6,Nancy,IN,Rum Punch Savarin with Coconut Cream and Tropical Fruits,1st,Chocolate and Caramel Dobos Torte,10 September 2014,2014-09-10,2,11-Oct-15
5,6,Richard,IN,Fruity Guglhupf with an Orange Glaze,5th,Sugar Forest Dobos Torte,10 September 2014,2014-09-10,2,11-Oct-15
5,6,Chetna,SB,Orange Savarin with Cinnamon Cream,2nd,Almond Liqueur Dobos Torte with Chocolate Caramel Buttercream,10 September 2014,2014-09-10,2,11-Oct-15
5,6,Claire,NA,NA,NA,NA,10 September 2014,2014-09-10,2,11-Oct-15
5,6,Diana,NA,NA,NA,NA,10 September 2014,2014-09-10,2,11-Oct-15
5,6,Enwezor,NA,NA,NA,NA,10 September 2014,2014-09-10,2,11-Oct-15
5,6,Iain,NA,NA,NA,NA,10 September 2014,2014-09-10,2,11-Oct-15
5,6,Jordan,NA,NA,NA,NA,10 September 2014,2014-09-10,2,11-Oct-15
5,6,Norman,NA,NA,NA,NA,10 September 2014,2014-09-10,2,11-Oct-15
5,7,Chetna,IN,Crispy Lentil Kachori,6th,Chocolate and Mango & Lemon Meringue Éclairs,17 September 2014,2014-09-17,2,18-Oct-15
5,7,Luis,IN,Childhood Empanadas,5th,"Stars and Stripes Éclairs
(Blueberry Cheesecake & Peanut Butter and Jelly Éclairs)",17 September 2014,2014-09-17,2,18-Oct-15
5,7,Martha,IN,Mini Beef Wellingtons,3rd,"Rhubarb and Custard Éclairs
Maple Syrup and Bacon Éclairs",17 September 2014,2014-09-17,2,18-Oct-15
5,7,Nancy,IN,Spicy Duck Pasties,2nd,Smoked Salmon and Horseradish & Raspberry Ripple Éclairs,17 September 2014,2014-09-17,2,18-Oct-15
5,7,Kate,OUT,Spinach and Paneer Spicy Samosa,4th,Neapolitan & Lemon Meringue Éclairs,17 September 2014,2014-09-17,2,18-Oct-15
5,7,Richard,SB,Minted Lamb Pasties,1st,"Stair of Éclairs
(Lavender and Blueberry & Rose and Raspberry Éclairs)",17 September 2014,2014-09-17,2,18-Oct-15
5,7,Claire,NA,NA,NA,NA,17 September 2014,2014-09-17,2,18-Oct-15
5,7,Diana,NA,NA,NA,NA,17 September 2014,2014-09-17,2,18-Oct-15
5,7,Enwezor,NA,NA,NA,NA,17 September 2014,2014-09-17,2,18-Oct-15
5,7,Iain,NA,NA,NA,NA,17 September 2014,2014-09-17,2,18-Oct-15
5,7,Jordan,NA,NA,NA,NA,17 September 2014,2014-09-17,2,18-Oct-15
5,7,Norman,NA,NA,NA,NA,17 September 2014,2014-09-17,2,18-Oct-15
5,8,Chetna,IN,Date and Walnut Swirl Bread,1st,Chocolate Mousse Filled DoughnutsBraided Doughnuts,24 September 2014,2014-09-24,2,25-Oct-15
5,8,Luis,IN,Black Forest Cherry Tree,2nd,"Cocktail Doughnuts
(Mudslide & Raspberry Mojito)",24 September 2014,2014-09-24,2,25-Oct-15
5,8,Nancy,IN,Lincolnshire Plum Braid,3rd,"Doughnut Family Tree
(Limoncello and Almond & Milk Chocolate and Orange)",24 September 2014,2014-09-24,2,25-Oct-15
5,8,Martha,OUT,Spiced Plum Iced Bread Swirl,5th,"Glazed Lemon and Poppy Seed Doughnuts
Chocolate and Passion Fruit Doughnuts",24 September 2014,2014-09-24,2,25-Oct-15
5,8,Richard,SB,Fruit Swedish Tea Ring,4th,Rhubarb and Custard and Toffee Apple Doughnuts,24 September 2014,2014-09-24,2,25-Oct-15
5,8,Claire,NA,NA,NA,NA,24 September 2014,2014-09-24,2,25-Oct-15
5,8,Diana,NA,NA,NA,NA,24 September 2014,2014-09-24,2,25-Oct-15
5,8,Enwezor,NA,NA,NA,NA,24 September 2014,2014-09-24,2,25-Oct-15
5,8,Iain,NA,NA,NA,NA,24 September 2014,2014-09-24,2,25-Oct-15
5,8,Jordan,NA,NA,NA,NA,24 September 2014,2014-09-24,2,25-Oct-15
5,8,Kate,NA,NA,NA,NA,24 September 2014,2014-09-24,2,25-Oct-15
5,8,Norman,NA,NA,NA,NA,24 September 2014,2014-09-24,2,25-Oct-15
5,9,Luis,IN,Indian Rose BaklavaHalwa Baklava Rolls,1st,"Chocolate Mousse and Cherry Entremets
Pomegranate, Fig and Pistachio Sponges",1 October 2014,2014-10-01,2,1-Nov-15
5,9,Nancy,IN,"Coffee and Chocolate Baklava
Breakfast Baklava",3rd,"Raspberry Nonnettes
Lime and Passion Fruit Entremets",1 October 2014,2014-10-01,2,1-Nov-15
5,9,Chetna,OUT,Chocolate and Orange BaklavaMasala Chai Baklava,4th,"Chocolate, Orange and Nut Entremets
Cappuccino Entremets",1 October 2014,2014-10-01,2,1-Nov-15
5,9,Richard,SB,"Rose and Pistachio Baklava
Walnut and Almond Baklava",2nd,"Hazelnut Mocha Entremets
Pink Grapefruit Entremets",1 October 2014,2014-10-01,2,1-Nov-15
5,9,Claire,NA,NA,NA,NA,1 October 2014,2014-10-01,2,1-Nov-15
5,9,Diana,NA,NA,NA,NA,1 October 2014,2014-10-01,2,1-Nov-15
5,9,Enwezor,NA,NA,NA,NA,1 October 2014,2014-10-01,2,1-Nov-15
5,9,Iain,NA,NA,NA,NA,1 October 2014,2014-10-01,2,1-Nov-15
5,9,Jordan,NA,NA,NA,NA,1 October 2014,2014-10-01,2,1-Nov-15
5,9,Kate,NA,NA,NA,NA,1 October 2014,2014-10-01,2,1-Nov-15
5,9,Martha,NA,NA,NA,NA,1 October 2014,2014-10-01,2,1-Nov-15
5,9,Norman,NA,NA,NA,NA,1 October 2014,2014-10-01,2,1-Nov-15
5,10,Luis,Runner up,"Apple, Walnut, Raisin and Cheshire Cheese ChaussonsPain au Chocolat Blanc with Raspberries and Cream Cheese",2nd,Village in Chocolate,8 October 2014,2014-10-08,2,8-Nov-15
5,10,Richard,Runner up,"Pear Pain au Chocolat
Pain Au Lait",3rd,Mill on the Hill,8 October 2014,2014-10-08,2,8-Nov-15
5,10,Nancy,WINNER,"Apple and Lemon Kites
Raspberry and Almond Croissants",1st,Red Windmill,8 October 2014,2014-10-08,2,8-Nov-15
5,10,Chetna,NA,NA,NA,NA,8 October 2014,2014-10-08,2,8-Nov-15
5,10,Claire,NA,NA,NA,NA,8 October 2014,2014-10-08,2,8-Nov-15
5,10,Diana,NA,NA,NA,NA,8 October 2014,2014-10-08,2,8-Nov-15
5,10,Enwezor,NA,NA,NA,NA,8 October 2014,2014-10-08,2,8-Nov-15
5,10,Iain,NA,NA,NA,NA,8 October 2014,2014-10-08,2,8-Nov-15
5,10,Jordan,NA,NA,NA,NA,8 October 2014,2014-10-08,2,8-Nov-15
5,10,Kate,NA,NA,NA,NA,8 October 2014,2014-10-08,2,8-Nov-15
5,10,Martha,NA,NA,NA,NA,8 October 2014,2014-10-08,2,8-Nov-15
5,10,Norman,NA,NA,NA,NA,8 October 2014,2014-10-08,2,8-Nov-15
6,1,Alvin,IN,Orange Vanilla and Fig Madeira Cake,2nd,Black Forest Gâteau,5 August 2015,2015-08-05,3,1-Jul-16
6,1,Dorret,IN,Madeira Cake with Candied Lemons,5th,Enchanted Forest Gâteau,5 August 2015,2015-08-05,3,1-Jul-16
6,1,Flora,IN,Blood Orange Madeira Cake,6th,Black Forest Gâteau,5 August 2015,2015-08-05,3,1-Jul-16
6,1,Ian,IN,Somewhere West of Madeira Cake,8th,Black Forest Cherry Tree,5 August 2015,2015-08-05,3,1-Jul-16
6,1,Mat,IN,Gin and Tonic Madeira Cake,7th,Black Forest Gateau,5 August 2015,2015-08-05,3,1-Jul-16
6,1,Nadiya,IN,Orange and Green Cardamom Madeira Cake,12th,Quadruple Chocolate Black Forest Gâteau,5 August 2015,2015-08-05,3,1-Jul-16
6,1,Paul,IN,"Lemon, Ginger and Caraway Seed Madeira Cake",10th,Black Forest Chocolate Creation,5 August 2015,2015-08-05,3,1-Jul-16
6,1,Sandy,IN,Madeira Cake with Almond Liqueur and Chopped Apricots,9th,Black Forest Gâteau,5 August 2015,2015-08-05,3,1-Jul-16
6,1,Tamal,IN,Pistachio and Rose Madeira Cake,4th,Black Forest Gâteau in a Chocolate Shell,5 August 2015,2015-08-05,3,1-Jul-16
6,1,Ugnė,IN,Lemon and Thyme Madeira Cake,1st,Falling Cup Gâteau,5 August 2015,2015-08-05,3,1-Jul-16
6,1,Stu,OUT,Marley Madeira Cake,11th,Purple Forest Gâteau,5 August 2015,2015-08-05,3,1-Jul-16
6,1,Marie,SB,Zingy Citrus Madeira Cake,3rd,A Walk in the Black Forest,5 August 2015,2015-08-05,3,1-Jul-16
6,2,Alvin,IN,"Jackfruit, Pistachio and Macadamia Biscotti",6th,Gingerbread Box filled with Brandy Snaps,12 August 2015,2015-08-12,3,8-Jul-16
6,2,Dorret,IN,Almond and Apricot Biscotti with Amber Sugar Crystals,1st,Box of Frogs,12 August 2015,2015-08-12,3,8-Jul-16
6,2,Flora,IN,Wedding Biscotti,2nd,Honey and Earl Grey Tea Box,12 August 2015,2015-08-12,3,8-Jul-16
6,2,Mat,IN,"Pistachio, Cranberry and White Chocolate Biscotti",5th,Gingerbread Fire Engine,12 August 2015,2015-08-12,3,8-Jul-16
6,2,Nadiya,IN,"Coconut, Fennel and Pistachio Biscotti",9th,Box of Fortunes,12 August 2015,2015-08-12,3,8-Jul-16
6,2,Paul,IN,"Chocolate, Hazelnut and Fig Biscotti",10th,Memory Box,12 August 2015,2015-08-12,3,8-Jul-16
6,2,Sandy,IN,Chocolate Chunk and Hazelnut Biscotti,4th,Sundried Tomato Cheese Biscuit Box,12 August 2015,2015-08-12,3,8-Jul-16
6,2,Tamal,IN,"Cinnamon, Maple and Cranberry Biscotti",8th,Chessboard Box,12 August 2015,2015-08-12,3,8-Jul-16
6,2,Ugnė,IN,White Wine Biscotti,7th,Baby Climbing into the Cookie Box,12 August 2015,2015-08-12,3,8-Jul-16
6,2,Marie,OUT,Biscotti Italiano,11th,Russian Box,12 August 2015,2015-08-12,3,8-Jul-16
6,2,Ian,SB,"Orange, Rosemary and Almond Biscotti",3rd,Sandwich de la Confiture,12 August 2015,2015-08-12,3,8-Jul-16
6,2,Stu,NA,NA,NA,NA,12 August 2015,2015-08-12,3,8-Jul-16
6,3,Alvin,IN,"Prosciutto, Manchego and Balsamic Onion Soda Breads",4th,Cornucopia,19 August 2015,2015-08-19,3,15-Jul-16
6,3,Flora,IN,Fig and Hazelnut Rye Breads,2nd,Herb Couture,19 August 2015,2015-08-19,3,15-Jul-16
6,3,Mat,IN,"Jalapeño, Mexican Cheddar and Smoked Salt Soda Breads",8th,Curry Inspired Brighton Pavilion,19 August 2015,2015-08-19,3,15-Jul-16
6,3,Nadiya,IN,Mexican Bread with Warm Tomato Salsa,9th,Snake Charmer's Basket,19 August 2015,2015-08-19,3,15-Jul-16
6,3,Paul,IN,Cranberry and Orange Sweet Soda Breads,10th,King of the Jungle,19 August 2015,2015-08-19,3,15-Jul-16
6,3,Sandy,IN,Soda Breads with Smoked Bacon and Onion,7th,Basket of Bread Flowers with a Walnut and Blue Cheese Centre,19 August 2015,2015-08-19,3,15-Jul-16
6,3,Tamal,IN,"Fig, Cheese and Walnut Breads",3rd,Breadcycle,19 August 2015,2015-08-19,3,15-Jul-16
6,3,Ugnė,IN,Chocolate Quick Breads with Salted Caramel Sauce,5th,Easter Basket,19 August 2015,2015-08-19,3,15-Jul-16
6,3,Dorret,OUT,Walnut and Stilton Soda Breads,6th,Unmade Bread,19 August 2015,2015-08-19,3,15-Jul-16
6,3,Ian,SB,Wild Garlic Pesto Soda Breads,1st,Flour Power,19 August 2015,2015-08-19,3,15-Jul-16
6,3,Marie,NA,NA,NA,NA,19 August 2015,2015-08-19,3,15-Jul-16
6,3,Stu,NA,NA,NA,NA,19 August 2015,2015-08-19,3,15-Jul-16
6,4,Alvin,IN,Blackberry Crème Brûlées,9th,Tower of Fruits Cheesecakes,26 August 2015,2015-08-26,3,15-Jul-16
6,4,Flora,IN,Rhubarb and Ginger Crème Brûlées,3rd,Elderflower and Granola Cheesecakes,26 August 2015,2015-08-26,3,15-Jul-16
6,4,Mat,IN,Coconut Crème Brûlées,7th,Chocolate Bar Cheesecakes,26 August 2015,2015-08-26,3,15-Jul-16
6,4,Nadiya,IN,Cinnamon Tea Crème Brûlées,8th,Fizzy Pop Cheesecakes,26 August 2015,2015-08-26,3,15-Jul-16
6,4,Paul,IN,Almond Crème Brûlées,1st,Berry Cheesecake Tower,26 August 2015,2015-08-26,3,15-Jul-16
6,4,Tamal,IN,Rhubarb and Ginger Crème Brûlées,5th,"Mango, Hazelnut and Rosemary Cheesecake Trio",26 August 2015,2015-08-26,3,15-Jul-16
6,4,Ugnė,IN,Marula Fruit and Coffee Liqueur Crème Brûlées,2nd,"Lime, Coconut and Hazelnut Cheesecakes",26 August 2015,2015-08-26,3,15-Jul-16
6,4,Sandy,OUT,Pontefract Crème Brûlées,6th,"Cassata, Whisky and Orange & Apple Pie Cheesecakes",26 August 2015,2015-08-26,3,15-Jul-16
6,4,Ian,SB,Pomegranate Two Ways Crème Brûlées,4th,Trio of Spicy and Herby Baked Cheesecakes,26 August 2015,2015-08-26,3,15-Jul-16
6,4,Dorret,NA,NA,NA,NA,26 August 2015,2015-08-26,3,15-Jul-16
6,4,Marie,NA,NA,NA,NA,26 August 2015,2015-08-26,3,15-Jul-16
6,4,Stu,NA,NA,NA,NA,26 August 2015,2015-08-26,3,15-Jul-16
6,5,Alvin,IN,Pineapple Upside-Down Cake,8th,"Buko Pandan, Mango and Passion Fruit Ice Cream Roll",2 September 2015,2015-09-02,3,22-Jul-16
6,5,Flora,IN,"Pistachio, Apple and Cardamom Madeleine Cake",3rd,Chocolate and Pear Bûche,2 September 2015,2015-09-02,3,22-Jul-16
6,5,Ian,IN,Honey and Flowers Cake,5th,Dessert Island,2 September 2015,2015-09-02,3,22-Jul-16
6,5,Mat,IN,Sugar-Free Carrot Cake,4th,Raspberry and Coconut Ice Cream Roll,2 September 2015,2015-09-02,3,22-Jul-16
6,5,Paul,IN,Carrot & Pecan Cake,2nd,Dessert Island Getaway,2 September 2015,2015-09-02,3,22-Jul-16
6,5,Tamal,IN,Honey and Grapefruit Polenta Cake,7th,Passion Fruit and Pineapple Ice Cream Roll,2 September 2015,2015-09-02,3,22-Jul-16
6,5,Ugnė,OUT,Chocolate and Hazelnut Sugar-Free Cake,6th,"Chocolate, Peanut Butter and Grape Jam Roll",2 September 2015,2015-09-02,3,22-Jul-16
6,5,Nadiya,SB,Naked Blueberry and Caraway Crunch Cake,1st,Chocolate and Strawberry Lime Ice Cream Roll,2 September 2015,2015-09-02,3,22-Jul-16
6,5,Dorret,NA,NA,NA,NA,2 September 2015,2015-09-02,3,22-Jul-16
6,5,Marie,NA,NA,NA,NA,2 September 2015,2015-09-02,3,22-Jul-16
6,5,Sandy,NA,NA,NA,NA,2 September 2015,2015-09-02,3,22-Jul-16
6,5,Stu,NA,NA,NA,NA,2 September 2015,2015-09-02,3,22-Jul-16
6,6,Flora,IN,Apricot and Rosemary Frangipane Tart,2nd,Asparagus and Parma Ham and Praline and Chocolate Vol-au-vents,9 September 2015,2015-09-09,3,22-Jul-16
6,6,Ian,IN,Pear and Raspberry Frangipane Tart,3rd,Vol-au-vents Terre et Mer,9 September 2015,2015-09-09,3,22-Jul-16
6,6,Nadiya,IN,"Bay Leaf, Rong Tea and Pear Tart",4th,Bengali Korma and Clementine with Cod Vol-au-vents,9 September 2015,2015-09-09,3,22-Jul-16
6,6,Paul,IN,Christmas Frangipane Tart,5th,Savoury and Sweet Bouchées,9 September 2015,2015-09-09,3,22-Jul-16
6,6,Tamal,IN,Spiced Pear Frangipane Tart,7th,Fennel and Rosemary Pulled Pork and Chicken and Coriander Vol-au-vents,9 September 2015,2015-09-09,3,22-Jul-16
6,6,Alvin,OUT,Plum Frangipane Tart,6th,Smoked Salmon En Croûte and Vermouth Chicken à la King Vol-au-vents,9 September 2015,2015-09-09,3,22-Jul-16
6,6,Mat,SB,Piña Colada Frangipane Tart,1st,His 'n' Hers Vol-au-vents,9 September 2015,2015-09-09,3,22-Jul-16
6,6,Dorret,NA,NA,NA,NA,9 September 2015,2015-09-09,3,22-Jul-16
6,6,Marie,NA,NA,NA,NA,9 September 2015,2015-09-09,3,22-Jul-16
6,6,Sandy,NA,NA,NA,NA,9 September 2015,2015-09-09,3,22-Jul-16
6,6,Stu,NA,NA,NA,NA,9 September 2015,2015-09-09,3,22-Jul-16
6,6,Ugnė,NA,NA,NA,NA,9 September 2015,2015-09-09,3,22-Jul-16
6,7,Flora,IN,Game Pie with Shallot and Apple Chutney,4th,"Raspberry, Pomegranate and Champagne Charlotte Russe",16 September 2015,2015-09-16,3,29-Jul-16
6,7,Ian,IN,Roadkill Pie,5th,Victoria's Crown Charlotte Russe,16 September 2015,2015-09-16,3,29-Jul-16
6,7,Nadiya,IN,Aromatic Raised Game Pie,1st,Mango and Raspberry Charlotte Russe,16 September 2015,2015-09-16,3,29-Jul-16
6,7,Paul,IN,Not a Boaring Pie,2nd,Charlotte Rose,16 September 2015,2015-09-16,3,29-Jul-16
6,7,Mat,OUT,Raised Venison and Pigeon Pie,6th,Strawberry Charlotte Russe,16 September 2015,2015-09-16,3,29-Jul-16
6,7,Tamal,SB,Middle Eastern Game Pie,3rd,"Spiced Blackberry, Raspberry and Cardamom Charlotte Russe",16 September 2015,2015-09-16,3,29-Jul-16
6,7,Alvin,NA,NA,NA,NA,16 September 2015,2015-09-16,3,29-Jul-16
6,7,Dorret,NA,NA,NA,NA,16 September 2015,2015-09-16,3,29-Jul-16
6,7,Marie,NA,NA,NA,NA,16 September 2015,2015-09-16,3,29-Jul-16
6,7,Sandy,NA,NA,NA,NA,16 September 2015,2015-09-16,3,29-Jul-16
6,7,Stu,NA,NA,NA,NA,16 September 2015,2015-09-16,3,29-Jul-16
6,7,Ugnė,NA,NA,NA,NA,16 September 2015,2015-09-16,3,29-Jul-16
6,8,Flora,IN,Peach & Lemon Thyme and Smoked Almond & Butterscotch Cream Horns,3rd,Lime & Basil and Coconut & White Chocolate Religieuse à l'ancienne,23 September 2015,2015-09-23,3,29-Jul-16
6,8,Ian,IN,Mont Blanc & Black Forest Gâteau Horns,2nd,Nun with Hidden Passions,23 September 2015,2015-09-23,3,29-Jul-16
6,8,Tamal,IN,Lime & Mascarpone and Malt Cream Horns,4th,Passionfruit & Mango and Pistachio & Raspberry Religieuse à l'ancienne,23 September 2015,2015-09-23,3,29-Jul-16
6,8,Paul,OUT,Café Tipple & Banana Crunch-away Horns,5th,Religieuse à l'ancienne,23 September 2015,2015-09-23,3,29-Jul-16
6,8,Nadiya,SB,Rose Pistachio and Mocha Hazelnut Horns,1st,Bubble Gum and Peppermint Cream Religieuse à l'ancienne,23 September 2015,2015-09-23,3,29-Jul-16
6,8,Alvin,NA,NA,NA,NA,23 September 2015,2015-09-23,3,29-Jul-16
6,8,Dorret,NA,NA,NA,NA,23 September 2015,2015-09-23,3,29-Jul-16
6,8,Marie,NA,NA,NA,NA,23 September 2015,2015-09-23,3,29-Jul-16
6,8,Mat,NA,NA,NA,NA,23 September 2015,2015-09-23,3,29-Jul-16
6,8,Sandy,NA,NA,NA,NA,23 September 2015,2015-09-23,3,29-Jul-16
6,8,Stu,NA,NA,NA,NA,23 September 2015,2015-09-23,3,29-Jul-16
6,8,Ugnė,NA,NA,NA,NA,23 September 2015,2015-09-23,3,29-Jul-16
6,9,Ian,IN,Chocolate and Bay Tart,3rd,Chocolate Well,30 September 2015,2015-09-30,3,5-Aug-16
6,9,Tamal,IN,Chocolate New York Pie,2nd,Chocolate Bell Tower,30 September 2015,2015-09-30,3,5-Aug-16
6,9,Flora,OUT,Passion Fruit and Chocolate Tart,1st,Cocoa Carousel,30 September 2015,2015-09-30,3,5-Aug-16
6,9,Nadiya,SB,Peanut Salted Caramel and Chocolate Tart,4th,Peacock in Nan's Door,30 September 2015,2015-09-30,3,5-Aug-16
6,9,Alvin,NA,NA,NA,NA,30 September 2015,2015-09-30,3,5-Aug-16
6,9,Dorret,NA,NA,NA,NA,30 September 2015,2015-09-30,3,5-Aug-16
6,9,Marie,NA,NA,NA,NA,30 September 2015,2015-09-30,3,5-Aug-16
6,9,Mat,NA,NA,NA,NA,30 September 2015,2015-09-30,3,5-Aug-16
6,9,Paul,NA,NA,NA,NA,30 September 2015,2015-09-30,3,5-Aug-16
6,9,Sandy,NA,NA,NA,NA,30 September 2015,2015-09-30,3,5-Aug-16
6,9,Stu,NA,NA,NA,NA,30 September 2015,2015-09-30,3,5-Aug-16
6,9,Ugnė,NA,NA,NA,NA,30 September 2015,2015-09-30,3,5-Aug-16
6,10,Ian,Runner Up,Elderflower and Lemon & Spiced Buns,2nd,Colossal Curry Carrot Cake,7 October 2015,2015-10-07,3,12-Aug-16
6,10,Tamal,Runner Up,Cinnamon and Apple & Toffee and Marmalade Iced Buns,3rd,Sticky Toffee Pudding Cake,7 October 2015,2015-10-07,3,12-Aug-16
6,10,Nadiya,WINNER,Cardamom and Almond Buns & Nutmeg and Sour Cherry Fingers,1st,My Big Fat British Wedding Cake,7 October 2015,2015-10-07,3,12-Aug-16
6,10,Alvin,NA,NA,NA,NA,7 October 2015,2015-10-07,3,12-Aug-16
6,10,Dorret,NA,NA,NA,NA,7 October 2015,2015-10-07,3,12-Aug-16
6,10,Flora,NA,NA,NA,NA,7 October 2015,2015-10-07,3,12-Aug-16
6,10,Marie,NA,NA,NA,NA,7 October 2015,2015-10-07,3,12-Aug-16
6,10,Mat,NA,NA,NA,NA,7 October 2015,2015-10-07,3,12-Aug-16
6,10,Paul,NA,NA,NA,NA,7 October 2015,2015-10-07,3,12-Aug-16
6,10,Sandy,NA,NA,NA,NA,7 October 2015,2015-10-07,3,12-Aug-16
6,10,Stu,NA,NA,NA,NA,7 October 2015,2015-10-07,3,12-Aug-16
6,10,Ugnė,NA,NA,NA,NA,7 October 2015,2015-10-07,3,12-Aug-16
7,1,Andrew,IN,Lemon and Rosemary Drizzle Cake,12th,'Ultimate Indulgence' Mirror Glaze Cake,24 August 2016,2016-08-24,4,16-Jun-17
7,1,Benjamina,IN,"Pistachio, Cardamom and Lemon Drizzle Cake",6th,White Chocolate Mirror Glaze with Salted Praline Buttercream,24 August 2016,2016-08-24,4,16-Jun-17
7,1,Candice,IN,Raspberry and Rhubarb Drizzle Custard Bundt Cake,5th,"Mirror Mirror On The Wall, Who Is The Shiniest Cake Of Them All?",24 August 2016,2016-08-24,4,16-Jun-17
7,1,Kate,IN,Berry Best Apple and Bramble Drizzle Cake,4th,One Swallow Does Not Make A Summer Cake,24 August 2016,2016-08-24,4,16-Jun-17
7,1,Louise,IN,Orange Liqueur and Lemonade Drizzle Cake,9th,White Chocolate Trifle Mirror Glaze Cake,24 August 2016,2016-08-24,4,16-Jun-17
7,1,Michael,IN,"Lime, Ginger and Honey Drizzle Cake",3rd,Matcha Tea Chocolate Mirror Glaze,24 August 2016,2016-08-24,4,16-Jun-17
7,1,Rav,IN,Ginger Spice Yuzu Drizzle Cake,8th,Colombian Mocha Mirror Glaze Cake,24 August 2016,2016-08-24,4,16-Jun-17
7,1,Selasi,IN,Citrus and Spice Drizzle Cake,1st,"Raspberry, Sloe and White Chocolate Mirror Glaze Cake",24 August 2016,2016-08-24,4,16-Jun-17
7,1,Tom,IN,G&T Drizzle Cake,2nd,Black Forest Broken Mirror,24 August 2016,2016-08-24,4,16-Jun-17
7,1,Val,IN,Mum's Orange & Lemon Drizzle,10th,Chocolate Sponge with Four Fruit Frosting,24 August 2016,2016-08-24,4,16-Jun-17
7,1,Lee,OUT,St Clements Orange and Lemon Drizzle Cake,11th,Strawberry Surprise Mirror Cake,24 August 2016,2016-08-24,4,16-Jun-17
7,1,Jane,SB,Lemon and Poppy Seed Drizzle Cake,7th,Chocolate Orange Mirror Cake,24 August 2016,2016-08-24,4,16-Jun-17
7,2,Andrew,IN,Beehive Biscuits,4th,Punting in Cambridge,31 August 2016,2016-08-31,4,16-Jun-17
7,2,Benjamina,IN,Bouquet Biscuits,3rd,"New York, New York",31 August 2016,2016-08-31,4,16-Jun-17
7,2,Jane,IN,Flower Pot Iced Biscuits,2nd,Hastings Old Town Fishing Net Shops and Boat,31 August 2016,2016-08-31,4,16-Jun-17
7,2,Kate,IN,"""A Biscuit for the Broads""",1st,"""I Promise I will do my best""",31 August 2016,2016-08-31,4,16-Jun-17
7,2,Michael,IN,"Malt, Chocolate and Orange Iced ""Beer"" Biscuits",9th,Trip to See Santa in Lapland,31 August 2016,2016-08-31,4,16-Jun-17
7,2,Rav,IN,Union Jack Bunting Biscuits,6th,Gingerbread Christmas Fairground,31 August 2016,2016-08-31,4,16-Jun-17
7,2,Selasi,IN,"""Wheelie Hot Iced Biscuits""",11th,Stained Glass Window Gingerbread Church,31 August 2016,2016-08-31,4,16-Jun-17
7,2,Tom,IN,Chai Frappelatteccino Biscuits,7th,Tom and Pod's Near Death Experience,31 August 2016,2016-08-31,4,16-Jun-17
7,2,Val,IN,Sunday Treat Iced Ice Cream Cone Biscuits,5th,From Holland to New York via Yorkshire,31 August 2016,2016-08-31,4,16-Jun-17
7,2,Louise,OUT,Baa Bara Brith Biscuits,10th,Gingerbread Wedding,31 August 2016,2016-08-31,4,16-Jun-17
7,2,Candice,SB,"Salted Caramel, Chocolate Iced Shiny Hearts",8th,Gingerbread Pub with Sticky Ginger Carpet,31 August 2016,2016-08-31,4,16-Jun-17
7,2,Lee,NA,NA,NA,NA,31 August 2016,2016-08-31,4,16-Jun-17
7,3,Andrew,IN,Chocolate Barmbrack Bread,2nd,Braided Harvest Bread Basket,7 September 2016,2016-09-07,4,23-Jun-17
7,3,Benjamina,IN,"Chocolate, Tahini and Almond Babka",6th,Braided Bread Heart,7 September 2016,2016-09-07,4,23-Jun-17
7,3,Candice,IN,"Chocolate, Salted Caramel & Pecan Brittle Brioche Loaf",3rd,Italian Light and Dark Rye Twist,7 September 2016,2016-09-07,4,23-Jun-17
7,3,Jane,IN,Chocolate and Cranberry Couronne,9th,Chorizo and Chilli Flower with Parmesan and Pesto Centre,7 September 2016,2016-09-07,4,23-Jun-17
7,3,Kate,IN,Cobbled Loaf,8th,The Corn Maiden,7 September 2016,2016-09-07,4,23-Jun-17
7,3,Rav,IN,"Chocolate, Cardamom and Hazelnut Loaf",10th,Three Tier Diwali Bread Centrepiece,7 September 2016,2016-09-07,4,23-Jun-17
7,3,Selasi,IN,"Chocolate, Orange and Cinnamon Bread",5th,Bedouin Escape Tear and Share Bread,7 September 2016,2016-09-07,4,23-Jun-17
7,3,Val,IN,Double Chocolate Cinnamon Twist Loaf,1st,"""And They All Went Into The Ark To Get Out Of The Rain""",7 September 2016,2016-09-07,4,23-Jun-17
7,3,Michael,OUT,Chocolate and Chilli Swirl Plait,7th,Cypriot Dove and Olive Branch Plaited Loaf with Houmous,7 September 2016,2016-09-07,4,23-Jun-17
7,3,Tom,SB,Chocolate Orange and Chilli Swirl Bread,4th,Jörmungandr and Mjölnir,7 September 2016,2016-09-07,4,23-Jun-17
7,3,Lee,NA,NA,NA,NA,7 September 2016,2016-09-07,4,23-Jun-17
7,3,Louise,NA,NA,NA,NA,7 September 2016,2016-09-07,4,23-Jun-17
7,4,Andrew,IN,Yorkshire 'Tapas' Puddings,4th,Churros Window Box,14 September 2016,2016-09-14,4,30-Jun-17
7,4,Candice,IN,Yorkshire Wellingtons,2nd,Two-Way Peanut Butter Churros,14 September 2016,2016-09-14,4,30-Jun-17
7,4,Jane,IN,Meat and Two Veg Yorkshires,3rd,Pistachio and White Chocolate Churros,14 September 2016,2016-09-14,4,30-Jun-17
7,4,Rav,IN,Thai Tofu Panang Yorkshires,9th,Three Dip Matcha Pistachio Churros,14 September 2016,2016-09-14,4,30-Jun-17
7,4,Selasi,IN,Perfect Sunday Roast Accompaniment,8th,Lemon and Anise Churros,14 September 2016,2016-09-14,4,30-Jun-17
7,4,Tom,IN,West Yorkshire Fusion Puddings,5th,Fennel Churros Snake In The Grass,14 September 2016,2016-09-14,4,30-Jun-17
7,4,Val,IN,Mum's Chilli Yorkshire Puddings,6th,Chocolate Orange Churros,14 September 2016,2016-09-14,4,30-Jun-17
7,4,Kate,OUT,Christmas Dinner Compromise,7th,Hot Cross Bunny Churros,14 September 2016,2016-09-14,4,30-Jun-17
7,4,Benjamina,SB,"Red Onion Chutney, Brie and Bacon Yorkshire Puddings",1st,Tropical Churros,14 September 2016,2016-09-14,4,30-Jun-17
7,4,Lee,NA,NA,NA,NA,14 September 2016,2016-09-14,4,30-Jun-17
7,4,Louise,NA,NA,NA,NA,14 September 2016,2016-09-14,4,30-Jun-17
7,4,Michael,NA,NA,NA,NA,14 September 2016,2016-09-14,4,30-Jun-17
7,5,Andrew,IN,Mum and Dad's Breakfast Pastries,6th,Spicy Chorizo Squash Parcels & Baklava Bites,21 September 2016,2016-09-21,4,7-Jul-17
7,5,Benjamina,IN,'Good Morning America' Swirls & Peanut Butter and Banana Pinwheels,5th,Plantain and Spinach Samosas & Chai Pear Cups,21 September 2016,2016-09-21,4,7-Jul-17
7,5,Jane,IN,"Orange Pain aux Raisins Secs, Raspberry, Chocolate and Almond Danish",1st,"Roquefort, Fig and Walnut Parcels & Cherry and Chocolate Cones",21 September 2016,2016-09-21,4,7-Jul-17
7,5,Rav,IN,"Cinnamon Swirls & Pecan, Walnut and Maple Plaits",8th,Chinese-Style Prawn Filo Tartlets & Spiced White Chocolate and Hazelnut Samosas,21 September 2016,2016-09-21,4,7-Jul-17
7,5,Selasi,IN,"Rhubarb, Mango and Ginger Plait & Pineapple and Coconut Pinwheels",3rd,"Parma Ham, Asparagus and Cheese Filo Cigars & Coffee Cream Filo Cups",21 September 2016,2016-09-21,4,7-Jul-17
7,5,Tom,IN,Mega Breakfast Bonanzas; Granola Spirals & Wheat Foldovers,4th,Yin and Yang Amuse-bouche,21 September 2016,2016-09-21,4,7-Jul-17
7,5,Val,OUT,"Pecan and Maple Syrup Pinwheels & Apple, Sultana and Cinnamon Swirls",7th,"Caramelised Red Onion, Goat's Cheese Tartlets & Mincemeat and Apple Spiced Parcels",21 September 2016,2016-09-21,4,7-Jul-17
7,5,Candice,SB,"Danish Pastry Croque Monsieur Kites & Cinnamon Apple, Vanilla Créme Rose Danish",2nd,"Sausage, Black Pudding and Apple Rounds & Banoffee Whiskey Cups",21 September 2016,2016-09-21,4,7-Jul-17
7,5,Kate,NA,NA,NA,NA,21 September 2016,2016-09-21,4,7-Jul-17
7,5,Lee,NA,NA,NA,NA,21 September 2016,2016-09-21,4,7-Jul-17
7,5,Louise,NA,NA,NA,NA,21 September 2016,2016-09-21,4,7-Jul-17
7,5,Michael,NA,NA,NA,NA,21 September 2016,2016-09-21,4,7-Jul-17
7,6,Andrew,IN,Tangy Lime and Ginger Meringue Pie,6th,Spring Elderflower Trio,28 September 2016,2016-09-28,4,14-Jul-17
7,6,Benjamina,IN,Grapefruit and Ginger Meringue Pie,2nd,Floral Tea Cake,28 September 2016,2016-09-28,4,14-Jul-17
7,6,Candice,IN,"Lime, Coconut and Lemongrass Sugar Meringue Pie",5th,Four Seasons Cake,28 September 2016,2016-09-28,4,14-Jul-17
7,6,Jane,IN,Lime and Coconut Meringue Pie,4th,Three-Tier Orange Cake with a Floral Chocolate Collar,28 September 2016,2016-09-28,4,14-Jul-17
7,6,Selasi,IN,"Grapefruit, Orange and Mint Meringue Pie",7th,Three-Tiered Ombré Floral Cake,28 September 2016,2016-09-28,4,14-Jul-17
7,6,Rav,OUT,Mandarin Margarita Meringue Pie,3rd,Blossom Cake,28 September 2016,2016-09-28,4,14-Jul-17
7,6,Tom,SB,Blood Orange Halloween Pumpkin Pie,1st,Floral Tea Cake,28 September 2016,2016-09-28,4,14-Jul-17
7,6,Kate,NA,NA,NA,NA,28 September 2016,2016-09-28,4,14-Jul-17
7,6,Lee,NA,NA,NA,NA,28 September 2016,2016-09-28,4,14-Jul-17
7,6,Louise,NA,NA,NA,NA,28 September 2016,2016-09-28,4,14-Jul-17
7,6,Michael,NA,NA,NA,NA,28 September 2016,2016-09-28,4,14-Jul-17
7,6,Val,NA,NA,NA,NA,28 September 2016,2016-09-28,4,14-Jul-17
7,7,Benjamina,IN,Piña Colada Roulade,3rd,Apple Crumble Mousse Cake and Chocolate Coffee Mousse Cake,5 October 2016,2016-10-05,4,21-Jul-17
7,7,Candice,IN,Crowd Pleaser Roulade,2nd,Blackberry and Raspberry Bubbles and After Dinner Mousse,5 October 2016,2016-10-05,4,21-Jul-17
7,7,Jane,IN,Chocolate and Hazelnut Roulade,4th,"Chocolate, Coffee and Vanilla Joconde Cakes and Blackcurrant and Vanilla Ombré Mousses",5 October 2016,2016-10-05,4,21-Jul-17
7,7,Selasi,IN,Summer Picnic Roulade,6th,"Lemon, Strawberry and Passionfruit and Chocolate and Mint Mini Mousse Cakes",5 October 2016,2016-10-05,4,21-Jul-17
7,7,Tom,OUT,Millionaire's Roulade,5th,Hipster Picnic,5 October 2016,2016-10-05,4,21-Jul-17
7,7,Andrew,SB,Tropical Holiday Roulade,1st,Childhood Ice Cream Mousse Cakes,5 October 2016,2016-10-05,4,21-Jul-17
7,7,Kate,NA,NA,NA,NA,5 October 2016,2016-10-05,4,21-Jul-17
7,7,Lee,NA,NA,NA,NA,5 October 2016,2016-10-05,4,21-Jul-17
7,7,Louise,NA,NA,NA,NA,5 October 2016,2016-10-05,4,21-Jul-17
7,7,Michael,NA,NA,NA,NA,5 October 2016,2016-10-05,4,21-Jul-17
7,7,Rav,NA,NA,NA,NA,5 October 2016,2016-10-05,4,21-Jul-17
7,7,Val,NA,NA,NA,NA,5 October 2016,2016-10-05,4,21-Jul-17
7,8,Andrew,IN,Da Vinci Inspired Geared Pies,2nd,Jousting Knights Marchpane,12 October 2016,2016-10-12,4,28-Jul-17
7,8,Jane,IN,Tudor Rose Pies,5th,Swans,12 October 2016,2016-10-12,4,28-Jul-17
7,8,Selasi,IN,Bouquet of Flowers,3rd,Fruity Tudor Marchpane,12 October 2016,2016-10-12,4,28-Jul-17
7,8,Benjamina,OUT,Mexican Adventure,4th,Tudor Garden,12 October 2016,2016-10-12,4,28-Jul-17
7,8,Candice,SB,Cheesy Cheeky Fish Pies,1st,Peacock,12 October 2016,2016-10-12,4,28-Jul-17
7,8,Kate,NA,NA,NA,NA,12 October 2016,2016-10-12,4,28-Jul-17
7,8,Lee,NA,NA,NA,NA,12 October 2016,2016-10-12,4,28-Jul-17
7,8,Louise,NA,NA,NA,NA,12 October 2016,2016-10-12,4,28-Jul-17
7,8,Michael,NA,NA,NA,NA,12 October 2016,2016-10-12,4,28-Jul-17
7,8,Rav,NA,NA,NA,NA,12 October 2016,2016-10-12,4,28-Jul-17
7,8,Tom,NA,NA,NA,NA,12 October 2016,2016-10-12,4,28-Jul-17
7,8,Val,NA,NA,NA,NA,12 October 2016,2016-10-12,4,28-Jul-17
7,9,Candice,IN,"Red Onion, Cambozola and Walnut Palmiers & Walnut, Streaky Bacon and Mushroom Palmiers",3rd,Chocolate Praline Fondant Fancies & Cherry Bakewell Fondant Fancies,19 October 2016,2016-10-19,4,4-Aug-17
7,9,Jane,IN,"Pesto and Sundried Tomato Palmiers & Goat Cheese, Olive and Parma Ham Palmiers",1st,Pistachio and Raspberry Fondant Fancies & Lemon Curd Surprise Fondant Fancies,19 October 2016,2016-10-19,4,4-Aug-17
7,9,Selasi,OUT,"Sundried Tomato, Onion, Peppers and Parmesan Palmiers & Salmon, Spinach and Mushroom Palmiers",4th,Lime and Ginger Fondant Fancies & Pink Velvet and Raspberry Prosecco Fondant Fancies,19 October 2016,2016-10-19,4,4-Aug-17
7,9,Andrew,SB,Cheesy Elephant Ears & Herby Treble Clefs,2nd,Philharmonic Fondants,19 October 2016,2016-10-19,4,4-Aug-17
7,9,Benjamina,NA,NA,NA,NA,19 October 2016,2016-10-19,4,4-Aug-17
7,9,Kate,NA,NA,NA,NA,19 October 2016,2016-10-19,4,4-Aug-17
7,9,Lee,NA,NA,NA,NA,19 October 2016,2016-10-19,4,4-Aug-17
7,9,Louise,NA,NA,NA,NA,19 October 2016,2016-10-19,4,4-Aug-17
7,9,Michael,NA,NA,NA,NA,19 October 2016,2016-10-19,4,4-Aug-17
7,9,Rav,NA,NA,NA,NA,19 October 2016,2016-10-19,4,4-Aug-17
7,9,Tom,NA,NA,NA,NA,19 October 2016,2016-10-19,4,4-Aug-17
7,9,Val,NA,NA,NA,NA,19 October 2016,2016-10-19,4,4-Aug-17
7,10,Andrew,Runner Up,Crunchy Caramel Cassis Crown,1st,Family and Friends' Favourites Picnic,26 October 2016,2016-10-26,4,4-Aug-17
7,10,Jane,Runner Up,"Red, White and Blue Meringue Crown",3rd,Family Favourites Feast,26 October 2016,2016-10-26,4,4-Aug-17
7,10,Candice,WINNER,Queen Victoria's Mango and Strawberry Crown,2nd,Picnic for Pearly Kings and Queens,26 October 2016,2016-10-26,4,4-Aug-17
7,10,Benjamina,NA,NA,NA,NA,26 October 2016,2016-10-26,4,4-Aug-17
7,10,Kate,NA,NA,NA,NA,26 October 2016,2016-10-26,4,4-Aug-17
7,10,Lee,NA,NA,NA,NA,26 October 2016,2016-10-26,4,4-Aug-17
7,10,Louise,NA,NA,NA,NA,26 October 2016,2016-10-26,4,4-Aug-17
7,10,Michael,NA,NA,NA,NA,26 October 2016,2016-10-26,4,4-Aug-17
7,10,Rav,NA,NA,NA,NA,26 October 2016,2016-10-26,4,4-Aug-17
7,10,Selasi,NA,NA,NA,NA,26 October 2016,2016-10-26,4,4-Aug-17
7,10,Tom,NA,NA,NA,NA,26 October 2016,2016-10-26,4,4-Aug-17
7,10,Val,NA,NA,NA,NA,26 October 2016,2016-10-26,4,4-Aug-17
8,1,Chris,IN,Tropical Fresh Fruit Cake,12th,'Raised Pork Pie and Egg Surprise' Cake,29 August 2017,2017-08-29,NA,NA
8,1,Flo,IN,Citrus Layer Cake,9th,'One in a Melon' Cake,29 August 2017,2017-08-29,NA,NA
8,1,James,IN,"Orange, Rhubarb & Ginger Crumble Cake",2nd,'Mock-accino and Croissant' Cake,29 August 2017,2017-08-29,NA,NA
8,1,Julia,IN,Courgette Lemon Cake,3rd,'Russian Doll' Cake,29 August 2017,2017-08-29,NA,NA
8,1,Kate,IN,Moroccan Strawberry and Rose Cake,1st,'Chocolate Terrarium' Cake,29 August 2017,2017-08-29,NA,NA
8,1,Liam,IN,Apple and Almond Crumble Maple Loaf,8th,'Stackin' Sunday' Cake,29 August 2017,2017-08-29,NA,NA
8,1,Sophie,IN,Pineapple and Coconut Sandwich Cake,5th,'Champagne Bottle and Bucket' Cake,29 August 2017,2017-08-29,NA,NA
8,1,Stacey,IN,Granny Smith Apple and Walnut Cake,11th,'Black Evening Clutch Bag' Cake,29 August 2017,2017-08-29,NA,NA
8,1,Tom,IN,Gilded Pear and Cardamom Cake,7th,'Stack of Books' Cake,29 August 2017,2017-08-29,NA,NA
8,1,Yan,IN,Windfall Apple Crumble Cake,4th,'Banana-Ramen' Cake,29 August 2017,2017-08-29,NA,NA
8,1,Peter,OUT,Coconut Cake,10th,'Bread on a Breadboard' Cake,29 August 2017,2017-08-29,NA,NA
8,1,Steven,SB,Bonfire Night Cake,6th,'A Baker's Lunch' Cake,29 August 2017,2017-08-29,NA,NA
8,2,Flo,IN,Gin Jam Butties,10th,'Pick My Bones' Game,5 September 2017,2017-09-05,NA,NA
8,2,James,IN,Rhubarb and Custard Whirls,3rd,'Coppit' Game,5 September 2017,2017-09-05,NA,NA
8,2,Julia,IN,Middle Eastern Delight Sandwich Biscuits,4th,'A British Baking' Game,5 September 2017,2017-09-05,NA,NA
8,2,Kate,IN,Coconut Seashells for a Titanic Afternoon Tea,8th,'Jungle' Game,5 September 2017,2017-09-05,NA,NA
8,2,Liam,IN,Coffee Malted Pecan Shorties,7th,'Classroom Classics' Game,5 September 2017,2017-09-05,NA,NA
8,2,Sophie,IN,Lemon Limoncino Sandwich Biscuits,2nd,'Snakes and Ladders' Game,5 September 2017,2017-09-05,NA,NA
8,2,Stacey,IN,Sparkly Chocolate and Marshmallow Fluff Cookies,9th,'Get to School' Game,5 September 2017,2017-09-05,NA,NA
8,2,Tom,IN,Coffee and Amaretto Kisses,5th,'Drain Pipes and Ladders' Game,5 September 2017,2017-09-05,NA,NA
8,2,Yan,IN,'Mrs. Marian's PB 'n' B' Biscuits,1st,'Adventures in Bakeland' Game,5 September 2017,2017-09-05,NA,NA
8,2,Chris,OUT,Chocolate Chia seed Biscuits with Whisky Caramel Filling,11th,'The Great British Sail Off' Game,5 September 2017,2017-09-05,NA,NA
8,2,Steven,SB,Amarpressi Biscuits,6th,'Check Bake' Game,5 September 2017,2017-09-05,NA,NA
8,2,Peter,NA,NA,NA,NA,5 September 2017,2017-09-05,NA,NA
8,3,James,IN,Nordic Teacakes,9th,'Owl in the Woods' Bread Sculpture,12 September 2017,2017-09-12,NA,NA
8,3,Kate,IN,Blueberry Buns,10th,'Kraken' Bread Sculpture,12 September 2017,2017-09-12,NA,NA
8,3,Liam,IN,Jamaican Spiced Teacakes,5th,'Kneadapolitan' Bread Sculpture,12 September 2017,2017-09-12,NA,NA
8,3,Sophie,IN,Tagine Teacakes,6th,'Picnic Basket' Bread Sculpture,12 September 2017,2017-09-12,NA,NA
8,3,Stacey,IN,Cranberry and Cinnamon Teacakes,1st,'Ascot Hat' Bread Sculpture,12 September 2017,2017-09-12,NA,NA
8,3,Steven,IN,Madras Cocktail Teacakes,3rd,'The Bag I Knead' Bread Sculpture,12 September 2017,2017-09-12,NA,NA
8,3,Tom,IN,Orange and Cranberry Teacakes,4th,'Pink & Yellow Rose Centrepiece' Bread Sculpture,12 September 2017,2017-09-12,NA,NA
8,3,Yan,IN,'Mrs's P's' Masala Chai Spiced Teacakes,8th,'Basil the Vegetarian Dragon with his Pumpkin Hoard' Bread Sculpture,12 September 2017,2017-09-12,NA,NA
8,3,Flo,OUT,Cinnamon and Orange Teacakes,7th,'Davy Jones' Locker' Bread Sculpture,12 September 2017,2017-09-12,NA,NA
8,3,Julia,SB,Earl Grey Dried Fruit Teacakes,2nd,'The Snail Under a Mushroom' Bread Sculpture,12 September 2017,2017-09-12,NA,NA
8,3,Chris,NA,NA,NA,NA,12 September 2017,2017-09-12,NA,NA
8,3,Peter,NA,NA,NA,NA,12 September 2017,2017-09-12,NA,NA
8,4,James,IN,'Windy City' Millionaire Shortbreads,2nd,Nutty Caramel Cake,19 September 2017,2017-09-19,NA,NA
8,4,Julia,IN,Pecan Salted Caramel Millionaire Shortbreads,9th,Poppy Seed Caramel Cake,19 September 2017,2017-09-19,NA,NA
8,4,Liam,IN,Salted Peanut Butter Millionaire Shortbreads,3rd,White Layered Ginger Caramel Cake,19 September 2017,2017-09-19,NA,NA
8,4,Sophie,IN,Jaffa Millionaire Shortbreads,4th,Bird's Nest Caramel Cake,19 September 2017,2017-09-19,NA,NA
8,4,Stacey,IN,Rum Salted Caramel Millionaire Shortbreads,1st,Chocolate and Coffee Caramel Cake,19 September 2017,2017-09-19,NA,NA
8,4,Steven,IN,Orange Macadamia Nut Millionaire Shortbreads,7th,Caramel Crown Cake,19 September 2017,2017-09-19,NA,NA
8,4,Yan,IN,'Lil' Red's Ginger and Nuts' Millionaire Shortbreads,8th,Animals of the Rainforest Caramel Cake,19 September 2017,2017-09-19,NA,NA
8,4,Tom,OUT,Stem Ginger Caramel Millionaire Shortbreads,5th,Hummingbird Cake,19 September 2017,2017-09-19,NA,NA
8,4,Kate,SB,Salted Bay Caramel Millionaire Shortbreads,6th,Sticky Toffee Apple Caramel Cake,19 September 2017,2017-09-19,NA,NA
8,4,Chris,NA,NA,NA,NA,19 September 2017,2017-09-19,NA,NA
8,4,Flo,NA,NA,NA,NA,19 September 2017,2017-09-19,NA,NA
8,4,Peter,NA,NA,NA,NA,19 September 2017,2017-09-19,NA,NA
8,5,Julia,IN,Orange & Treacle Steamed School Pudding,3rd,'Opulent Ornament' Trifle Terrine,26 September 2017,2017-09-26,NA,NA
8,5,Kate,IN,'Mr Darcy's Steamy Lake Scene' Steamed School Pudding,8th,'My Great Great Nan's' Raspberry Trifle Terrine,26 September 2017,2017-09-26,NA,NA
8,5,Liam,IN,Cherries & Lemons that are 'Baked Well',2nd,'Cheers Lads' Trifle Terrine,26 September 2017,2017-09-26,NA,NA
8,5,Stacey,IN,Bakewell Tart Steamed School Pudding,4th,Tropical Trifle Terrine,26 September 2017,2017-09-26,NA,NA
8,5,Steven,IN,Lemon & Blackcurrant Drizzle Steamed School Pudding,5th,'From Across the Jelly Pond' Trifle Terrine,26 September 2017,2017-09-26,NA,NA
8,5,Yan,IN,Mango Fruit Hat Steamed School Pudding,6th,'Heart of a Hero' Trifle Terrine,26 September 2017,2017-09-26,NA,NA
8,5,James,OUT,Orange and Ginger Steamed School Pudding,7th,'The Missed Silver Jubilee' Trifle Terrine,26 September 2017,2017-09-26,NA,NA
8,5,Sophie,SB,"Ginger, Fig and Honey Steamed School Pudding",1st,"Raspberry, Yuzu & White Chocolate Bûche Trifle Terrine",26 September 2017,2017-09-26,NA,NA
8,5,Chris,NA,NA,NA,NA,26 September 2017,2017-09-26,NA,NA
8,5,Flo,NA,NA,NA,NA,26 September 2017,2017-09-26,NA,NA
8,5,Peter,NA,NA,NA,NA,26 September 2017,2017-09-26,NA,NA
8,5,Tom,NA,NA,NA,NA,26 September 2017,2017-09-26,NA,NA
8,6,Kate,IN,'Vegetarian Pie Faces' Decorative Pies,5th,Potato Curry Pie with Mango & Chilli Glaze,3 October 2017,2017-10-03,NA,NA
8,6,Sophie,IN,'The Four Seasons' Decorative Pies,2nd,Game Pie with Glazed Forest Fruits,3 October 2017,2017-10-03,NA,NA
8,6,Stacey,IN,'Love Theme' Decorative Pies,6th,Indian Hand Raised Pie with Mango,3 October 2017,2017-10-03,NA,NA
8,6,Steven,IN,'Fleetwood Mac' Decorative Pies,3rd,Christmas Pie,3 October 2017,2017-10-03,NA,NA
8,6,Yan,IN,'πr2' Decorative Pies,1st,Chequerboard Pie,3 October 2017,2017-10-03,NA,NA
8,6,Julia,OUT,'Pies from the Tree' Decorative Pies,7th,'Special Occasion' Pie,3 October 2017,2017-10-03,NA,NA
8,6,Liam,SB,'Standard FC' Decorative Pies,4th,'Nan's Sunday Dinner' Pie,3 October 2017,2017-10-03,NA,NA
8,6,Chris,NA,NA,NA,NA,3 October 2017,2017-10-03,NA,NA
8,6,Flo,NA,NA,NA,NA,3 October 2017,2017-10-03,NA,NA
8,6,James,NA,NA,NA,NA,3 October 2017,2017-10-03,NA,NA
8,6,Peter,NA,NA,NA,NA,3 October 2017,2017-10-03,NA,NA
8,6,Tom,NA,NA,NA,NA,3 October 2017,2017-10-03,NA,NA
8,7,Kate,IN,'Happy Hour' Cocktail Cannoli,6th,'Flavour Fusion' Sfogliatelle,10 October 2017,2017-10-10,NA,NA
8,7,Liam,IN,'Just Doing Me' Cannoli,2nd,'Morning Delivery' Sfogliatelle,10 October 2017,2017-10-10,NA,NA
8,7,Sophie,IN,'Classics with a Twist' Cannoli,3rd,'Classics' Sfogliatelle,10 October 2017,2017-10-10,NA,NA
8,7,Stacey,IN,My All Time Favourite Desserts,4th,Pastry Surprise,10 October 2017,2017-10-10,NA,NA
8,7,Yan,OUT,Cannoli Cocktails,5th,Canadian-Style Sfogliatelle,10 October 2017,2017-10-10,NA,NA
8,7,Steven,SB,Italian Style Cannoli,1st,'Sicilian-style' Sfogliatelle,10 October 2017,2017-10-10,NA,NA
8,7,Chris,NA,NA,NA,NA,10 October 2017,2017-10-10,NA,NA
8,7,Flo,NA,NA,NA,NA,10 October 2017,2017-10-10,NA,NA
8,7,James,NA,NA,NA,NA,10 October 2017,2017-10-10,NA,NA
8,7,Julia,NA,NA,NA,NA,10 October 2017,2017-10-10,NA,NA
8,7,Peter,NA,NA,NA,NA,10 October 2017,2017-10-10,NA,NA
8,7,Tom,NA,NA,NA,NA,10 October 2017,2017-10-10,NA,NA
8,8,Kate,IN,Burrito Bedfordshire Clangers,2nd,'Liver Building Turret' Savoy Cake,17 October 2017,2017-10-17,NA,NA
8,8,Sophie,IN,Char Siu & Banana Praline Bedfordshire Clangers,4th,Citrus with Green Apple Croquembouche Savoy Cake,17 October 2017,2017-10-17,NA,NA
8,8,Steven,IN,'Mediterranean Medley' Bedfordshire Clangers,1st,Chestnut Rum Savoy Cake,17 October 2017,2017-10-17,NA,NA
8,8,Liam,OUT,'Take Out' Bedfordshire Clangers,5th,'Fort Wizardore' Savoy Cake,17 October 2017,2017-10-17,NA,NA
8,8,Stacey,SB,Camembert & Onion and Apple & Blueberry Bedfordshire Clangers,3rd,'Bright' Lemon & Orange Savoy Cake,17 October 2017,2017-10-17,NA,NA
8,8,Chris,NA,NA,NA,NA,17 October 2017,2017-10-17,NA,NA
8,8,Flo,NA,NA,NA,NA,17 October 2017,2017-10-17,NA,NA
8,8,James,NA,NA,NA,NA,17 October 2017,2017-10-17,NA,NA
8,8,Julia,NA,NA,NA,NA,17 October 2017,2017-10-17,NA,NA
8,8,Peter,NA,NA,NA,NA,17 October 2017,2017-10-17,NA,NA
8,8,Tom,NA,NA,NA,NA,17 October 2017,2017-10-17,NA,NA
8,8,Yan,NA,NA,NA,NA,17 October 2017,2017-10-17,NA,NA
8,9,Kate,IN,Bellini and Valencian Orange Choux Buns,4th,'Rainbow' Meringue Centrepiece,24 October 2017,2017-10-24,NA,NA
8,9,Steven,IN,Key Lime Cheesecake and Bakewell Tart Choux Buns,3rd,'Some Air Over the Rainbow' Meringue Centrepiece,24 October 2017,2017-10-24,NA,NA
8,9,Stacey,OUT,'Choux-nicorn and Choux-moji' Choux Buns,2nd,'Flamingos in Love' Meringue Centrepiece,24 October 2017,2017-10-24,NA,NA
8,9,Sophie,SB,Strawberry & Rhubarb and Chestnut & Vanilla Choux Buns,1st,'Tutu with Opera Filling' Meringue Centrepiece,24 October 2017,2017-10-24,NA,NA
8,9,Chris,NA,NA,NA,NA,24 October 2017,2017-10-24,NA,NA
8,9,Flo,NA,NA,NA,NA,24 October 2017,2017-10-24,NA,NA
8,9,James,NA,NA,NA,NA,24 October 2017,2017-10-24,NA,NA
8,9,Julia,NA,NA,NA,NA,24 October 2017,2017-10-24,NA,NA
8,9,Liam,NA,NA,NA,NA,24 October 2017,2017-10-24,NA,NA
8,9,Peter,NA,NA,NA,NA,24 October 2017,2017-10-24,NA,NA
8,9,Tom,NA,NA,NA,NA,24 October 2017,2017-10-24,NA,NA
8,9,Yan,NA,NA,NA,NA,24 October 2017,2017-10-24,NA,NA
8,10,Kate,Runner Up,"Roman Spelt, Coconut Kala Chana and Flower Breads",3rd,"White Chocolate, Yuzu and Lychee Entremet",31 October 2017,2017-10-31,NA,NA
8,10,Steven,Runner Up,"Spelt & Rye, Toasted Garlic & Fontina and Sweet Chocolate Breads",1st,'Yin Yang' Entremet,31 October 2017,2017-10-31,NA,NA
8,10,Sophie,WINNER,"Spelt Boules, Mushroom Ciabatta and Orange Plaited Brioche",2nd,'Ode to the Honey Bee' Entremet,31 October 2017,2017-10-31,NA,NA
8,10,Chris,NA,NA,NA,NA,31 October 2017,2017-10-31,NA,NA
8,10,Flo,NA,NA,NA,NA,31 October 2017,2017-10-31,NA,NA
8,10,James,NA,NA,NA,NA,31 October 2017,2017-10-31,NA,NA
8,10,Julia,NA,NA,NA,NA,31 October 2017,2017-10-31,NA,NA
8,10,Liam,NA,NA,NA,NA,31 October 2017,2017-10-31,NA,NA
8,10,Peter,NA,NA,NA,NA,31 October 2017,2017-10-31,NA,NA
8,10,Stacey,NA,NA,NA,NA,31 October 2017,2017-10-31,NA,NA
8,10,Tom,NA,NA,NA,NA,31 October 2017,2017-10-31,NA,NA
8,10,Yan,NA,NA,NA,NA,31 October 2017,2017-10-31,NA,NA
