series,baker_full,baker,baker_last,baker_first,age,occupation,hometown,position_reached,star_baker,technical_winner,technical_top3,technical_bottom,technical_highest,technical_lowest,technical_median,series_winner,series_runner_up,total_episodes_appeared,percent_episodes_appeared,percent_technical_top3,first_date_appeared_uk,last_date_appeared_uk,first_date_us,last_date_us,first_date_appeared_us,last_date_appeared_us,e_01_result,e_01_showstopper,e_01_signature,e_01_technical,e_02_result,e_02_showstopper,e_02_signature,e_02_technical,e_03_result,e_03_showstopper,e_03_signature,e_03_technical,e_04_result,e_04_showstopper,e_04_signature,e_04_technical,e_05_result,e_05_showstopper,e_05_signature,e_05_technical,e_06_result,e_06_showstopper,e_06_signature,e_06_technical,e_07_result,e_07_showstopper,e_07_signature,e_07_technical,e_08_result,e_08_showstopper,e_08_signature,e_08_technical,e_09_result,e_09_showstopper,e_09_signature,e_09_technical,e_10_result,e_10_showstopper,e_10_signature,e_10_technical
1,Annetha Mills,Annetha,Mills,Annetha,30 years,Single mother,Essex,NA,0,0,1,1,2,7,4.5,0,0,2,33.333333333333336,50,2010-08-17,2010-08-24,NA,NA,not aired in US,not aired in US,IN,"Chocolate with Cigarellos, Fresh Fruit, and Cream","Light Jamaican Black Cake
with Strawberries and Cream",2,OUT,Pink Swirl Macarons / Eclairs,Rose Petal Shortbread,7,NA,NA,NA,NA,NA,NA,NA,NA,NA,NA,NA,NA,NA,NA,NA,NA,NA,NA,NA,NA,NA,NA,NA,NA,NA,NA,NA,NA,NA,NA,NA,NA
1,David Chambers,David,Chambers,David,31 years,Entrepreneur,Milton Keynes,NA,0,0,1,3,3,8,4.5,0,0,4,66.66666666666667,25,2010-08-17,2010-09-07,NA,NA,not aired in US,not aired in US,IN,"Black Forest Floor Gateaux
with Chocolate Leaves, Fallen Fruit
and Chocolate Mushrooms",Chocolate Orange Cake,3,IN,"Choux Pastry Swans
Chocolate Profiteroles",Cheddar Cheese and Fresh Rosemary Biscuits,8,IN,"Walnut and Seed Roll
Red Berry and Almond Bun",Chilli Bread,4,OUT,"Apple and Blackberry Crumble, Rhubarb and Orange Betty, Suet Pear",Pear and Walnut Pudding,5,NA,NA,NA,NA,NA,NA,NA,NA,NA,NA,NA,NA,NA,NA,NA,NA,NA,NA,NA,NA,NA,NA,NA,NA
1,"Edward ""Edd"" Kimber",Edd,Kimber,Edward,24 years,Debt collector for Yorkshire Bank,Bradford,WINNER,0,2,4,1,1,6,2,1,0,6,100,66.66666666666667,2010-08-17,2010-09-21,NA,NA,not aired in US,not aired in US,IN,N/A,Caramel Cinnamon and Banana Cake,1,IN,Pink Macarons,Oatmeal Raisin Cookie,6,IN,Tomato and Mozzarella,Olive Bread,1,IN,"Apple and Cinnamon Crumble, Nutella Banana Brioche Bread Pudding, Rhubarb and Strawberry Suet Layer",Apple and Plum Pudding,3,IN,"Almond Sweet Pastry with Ginger and Chocolate
Raspberry Tart / Yorkshire Curd Tart
Chickpea and Salami, Red and Yellow Pepper,
Asparagus Gruyere Quiche Canapés","Chicken, Ham, Leek and Tarragon Pie",2,WINNER,"24 Chocolate and Ginger Tarts
24 Lemon Scones with Passion Fruit Curd
24 Raspberry Choux Buns
24 Finger Sandwiches",Cinnamon and Banana Cake,NA,NA,NA,NA,NA,NA,NA,NA,NA,NA,NA,NA,NA,NA,NA,NA,NA
1,Jasminder Randhawa,Jasminder,Randhawa,Jasminder,45 years,Assistant Credit Control Manager,Birmingham,NA,0,0,2,2,2,5,3,0,0,5,83.33333333333333,40,2010-08-17,2010-09-14,NA,NA,not aired in US,not aired in US,IN,N/A,Fresh Mango and Passion Fruit Hummingbird Cake,NA,IN,"Meringues with Chocolate and Space Dust
Coffee flavoured Eclairs",Millionaires' Shortbread,2,IN,"Mango and Sultana Buns
Pan au Chocolat with Mars Bars
Tutti Frutti Wheel with Jelly Tots",Focaccia,5,IN,"Bread & Butter Pudding, Treacle Suet Pudding with Fresh Fruit, Apple and Pineapple Crumble",Sticky Toffee Pudding with Tropical Fruit & Toffee Sauce,2,OUT,"Jaggery, Carrot, and Spiced Condensed Milk Tart
Fruit and Custard Tart
Thai Chili Red Onion, Duck in Plum Sauce, Salmon and Prawn Canapés",Chicken and Mushroom Pie,4,NA,NA,NA,NA,NA,NA,NA,NA,NA,NA,NA,NA,NA,NA,NA,NA,NA,NA,NA,NA
1,Jonathan Shepherd,Jonathan,Shepherd,Jonathan,25 years,Research Analyst,St Albans,NA,0,1,1,2,1,9,6,0,0,3,50,33.333333333333336,2010-08-17,2010-08-31,NA,NA,not aired in US,not aired in US,IN,Three-layer with Almond and Cherry,Carrot Cake with Lime and Cream Cheese Icing,9,IN,Meringues with Whiskey Cream,Honey and Candied Ginger Cookies,1,OUT,"Sticky Lemon Honey Bun
Olive and Anchovy Roll
Sundried Tomatoes and Fresh Herbs Roll
Stilton, Walnut and Apple Roll
Cinnamon and Cardamom Chelsea Bun","Anchovy, Sweet Paprika and Oregano Bread",6,NA,NA,NA,NA,NA,NA,NA,NA,NA,NA,NA,NA,NA,NA,NA,NA,NA,NA,NA,NA,NA,NA,NA,NA,NA,NA,NA,NA
1,Lea Harris,Lea,Harris,Lea,51 years,Retired,"Midlothian, Scotland",NA,0,0,0,1,10,10,10,0,0,1,16.666666666666668,0,2010-08-17,2010-08-17,NA,NA,not aired in US,not aired in US,OUT,"Chocolate, Raspberries and Cream
with Fresh Fruit","Cranberry and Pistachio Cake
with Orange Flower Water Icing",10,NA,NA,NA,NA,NA,NA,NA,NA,NA,NA,NA,NA,NA,NA,NA,NA,NA,NA,NA,NA,NA,NA,NA,NA,NA,NA,NA,NA,NA,NA,NA,NA,NA,NA,NA,NA
1,Louise Brimelow,Louise,Brimelow,Louise,44 years,Police Officer,Manchester,NA,0,0,0,1,4,4,4,0,0,2,33.333333333333336,0,2010-08-17,2010-08-24,NA,NA,not aired in US,not aired in US,IN,"Never Fail Chocolate Sponge Cake,
with Fresh Fruit",Carrot and Orange Cake,NA,OUT,"Strawberry, Mint, and Cream Meringues
Chocolate Eclairs / Orange, Yellow and Pink Macarons",Stained Glass Window Shortbread,4,NA,NA,NA,NA,NA,NA,NA,NA,NA,NA,NA,NA,NA,NA,NA,NA,NA,NA,NA,NA,NA,NA,NA,NA,NA,NA,NA,NA,NA,NA,NA,NA
1,Mark Whithers,Mark,Whithers,Mark,48 years,Bus Driver,South Wales,NA,0,0,0,0,NA,NA,NA,0,0,1,16.666666666666668,0,2010-08-17,2010-08-17,NA,NA,not aired in US,not aired in US,OUT,Heart-shaped Chocolate and Beetroot Cake,Sticky Marmalade Tea Loaf,NA,NA,NA,NA,NA,NA,NA,NA,NA,NA,NA,NA,NA,NA,NA,NA,NA,NA,NA,NA,NA,NA,NA,NA,NA,NA,NA,NA,NA,NA,NA,NA,NA,NA,NA,NA,NA
1,Miranda Gore Browne,Miranda,Browne,Miranda,37 years,Food buyer for Marks & Spencer,"Midhurst, West Sussex",Third Place,0,2,4,1,1,8,3,0,1,6,100,66.66666666666667,2010-08-17,2010-09-21,NA,NA,not aired in US,not aired in US,IN,"Three Tiered Chocolate Fudge Cake
with Handmade Chocolate Button Decorations","Triple Layered Brownie Meringue Cake
with Raspberry Cream",8,IN,Pistachio Macarons,Fresh Vanilla Biscuits with Royal Icing,3,IN,"Lemon Iced Buns
Chocolate and Orange Buns",Walnut and Apricot Bread,3,IN,"Queen of Puddings, Chocolate Pear Roly Poly, Strawberry and Rhubarb Crumble",Sticky Toffee Pudding,1,IN,"Chocolate Pastry filled with Orange Cheesecake
Chocolate Pastry filled with Milk Chocolate Ganche
Strawberry Tart with Red Currant Glaze
Cheesy Crab, Broad Bean and Tomato, Pancetta Risotto Canapés","Summery Salmon, Cod and Prawn Fish Pie",1,RUNNER UP,Eliminated after signature,Lemon Cupcake,NA,NA,NA,NA,NA,NA,NA,NA,NA,NA,NA,NA,NA,NA,NA,NA,NA
1,Ruth Clemens,Ruth,Clemens,Ruth,31 years,Retail manager/Housewife,"Poynton, Cheshire",Runner-Up,0,0,2,2,2,5,3.5,0,1,6,100,33.333333333333336,2010-08-17,2010-09-21,NA,NA,not aired in US,not aired in US,IN,"Classic Chocolate Sponge wrapped in a Chocolate Collar
topped with Handmade White and Dark Chocolate Truffles","Lemon Drizzle Cake
with Fresh Cream and freshly made Lemon Curd",NA,IN,"Almond Macaron with Violet Buttercream
Raspberries and Cream Eclairs","Peanut Shortbread with
Salted Peanut Caramel",5,IN,"Chocolate and Orange Panettone
Cranberry Bagels",Maple and Pecan Bread,2,IN,"Apple & Ginger Crumble, Rhubarb Suet Crust, Cherry Queen of Puddings",Peach and Blueberry Boy Bait,4,IN,"Raspberry and Dark Chocolate Tart
Creme Patisserie and Cherry Tart
Citrus Curd Tart with Creme Brulee top
Tomato, Asparagus Twirl Canapés",Minced Beef Pie,3,RUNNER UP,"24 Red Pepper and Cheese Quiche Tarts
24 Sultana Scones
24 Vanilla and Lemon Choux Buns
24 Finger Sandwiches","Mint, Ginger and Blackberry Cake",NA,NA,NA,NA,NA,NA,NA,NA,NA,NA,NA,NA,NA,NA,NA,NA,NA
2,Ben Frazer,Ben,Frazer,Ben,31 years,Graphic Designer,Northampton,NA,0,1,3,1,1,5,2.5,0,0,4,50,75,2011-08-16,2011-09-06,NA,NA,not aired in US,not aired in US,IN,"Vanilla Sponge with White Chocolate
and Raspberry Buttercream","Rhubarb and Custard Cupcakes
After Dinner Cupcakes",2,IN,UNKNOWN,"Chorizo, Pepper and Gruyere Quiche",1,IN,UNKNOWN,"Walnut, Raisin and Rosemary Loaf",3,OUT,"Chocolate and Almond Macarons
Pine Nut Macarons
Pistachio Macarons",Stem Ginger Nuts,5,NA,NA,NA,NA,NA,NA,NA,NA,NA,NA,NA,NA,NA,NA,NA,NA,NA,NA,NA,NA,NA,NA,NA,NA
2,Holly Bell,Holly,Bell,Holly,31 years,Advertising executive,Leicester,Runner Up,2,2,5,3,1,6,3,0,1,8,100,62.5,2011-08-16,2011-10-04,NA,NA,not aired in US,not aired in US,SB,UNKNOWN,"Cherry Bakewell Inspired Cupcakes
Ginger Cupcakes with Fig Truffle",1,IN,"Milk Chocolate and Pistachio Tarts
Trifle Tarts",Pesto Quiche,4,IN,Stilton and Walnut Rolls,Picnic Loaf,6,SB,"'Chocolate bars of my youth'
(Caramel Macarons, Mint Chocolate Macarons and Chocolate Orange Macarons)",Strawberry and Custard Melts,3,IN,Lime Meringue Pie,"Stilton, Potato and Caramelised Onion Pie",4,IN,Hansel and Gretel's Croquembouche,Father Christmas' Baked Cheesecake,3,IN,"Apricot, Macadamia and White Chocolate Pinwheels
Almond Croissants
Apple, Raisin and Cinnamon Plaits","White Chocolate, Hazelnut and Raspberry Genoise Mousse Cake",1,RUNNER UP,"Strawberry and Cream Meringue Nest
Gooseberry and Elderflower 'Bakewell' Tarts
Neapolitan Ice-Cream Sandwich",Banoffee Inspired Mille Feuille,2,NA,NA,NA,NA,NA,NA,NA,NA
2,Ian Vallance,Ian,Vallance,Ian,40 years,Fundraiser for English Heritage,"Dunstable, Bedfordshire",NA,0,0,1,2,2,10,10,0,0,3,37.5,33.333333333333336,2011-08-16,2011-08-30,NA,NA,not aired in US,not aired in US,IN,UNKNOWN,Apple and Cinnamon Cupcakes,10,IN,UNKNOWN,"Stilton, Spinach and New Potato Quiche
with Paprika and Walnut Pastry",2,OUT,"Walnut and Raisin Rolls
Cracked Wheat Logs","Courgette, Caerphilly Cheese and Thyme Loaf",10,NA,NA,NA,NA,NA,NA,NA,NA,NA,NA,NA,NA,NA,NA,NA,NA,NA,NA,NA,NA,NA,NA,NA,NA,NA,NA,NA,NA
2,Janet Basu,Janet,Basu,Janet,63 years,Teacher of Modern Languages,"Formby, Liverpool",NA,1,1,1,6,1,8,5,0,0,7,87.5,14.285714285714286,2011-08-16,2011-09-27,NA,NA,not aired in US,not aired in US,IN,"Chocolate Marble Cake
with Dark and White Chocolate Truffles",Raspberry and Cream Cupcakes,8,IN,"Red Fruit Tarts
Chocolate and Cherry Tarts",Quiche Printanière,8,IN,"Apple and Walnut Granary Rolls
Red Onion Cottage Rolls",Zupfe Loaf with Gruyère Cheese,8,IN,"Raspberry Macarons
Blackcurrant Macarons
Almond Macarons",Christmas Marzipan Biscuits,4,SB,Rhubarb Meringue Pie,Chicken and Chestnut Pie,1,IN,Orange and Nougatine Croquembouche,Rhubarb and Ginger Baked Cheesecake,5,OUT,"Pain Aux Raisin
Plain Croissant
Pain Au Chocolat",Chocolate Amaretto Mousse Cake,4,NA,NA,NA,NA,NA,NA,NA,NA,NA,NA,NA,NA
2,Jason White,Jason,White,Jason,19 years,Civil Engineering Student,Croydon,NA,2,1,2,3,1,7,6,0,0,5,62.5,40,2011-08-16,2011-09-13,NA,NA,not aired in US,not aired in US,IN,UNKNOWN,"Lemon Meringue Cupcakes
Apple and Cinnamon Cupcakes",6,SB,"Mint Chocolate Tarts
Blueberry Bakewell Tarts",Salmon and Pak Choi Quiche,3,IN,UNKNOWN,Cheese and Onion Tear and Share Loaf,7,SB,"Mocktail Macarons
(Mojito, Cranberry Cooler, and Pina Colada)",Lebkuchen,1,OUT,Plum Meringue Pie,Brown Down Chicken Pie,7,NA,NA,NA,NA,NA,NA,NA,NA,NA,NA,NA,NA,NA,NA,NA,NA,NA,NA,NA,NA
2,Joanne Wheatley,Joanne,Wheatley,Joanne,41 years,Housewife,"Ongar, Essex",winner,1,3,4,4,1,11,4.5,1,0,8,100,50,2011-08-16,2011-10-04,NA,NA,not aired in US,not aired in US,IN,Chocolate and Strawberry Cake,"Chocolate Orange Cupcakes
Orange and Cardamom Cupcakes",11,IN,"Raspberry and Mascarpone Tarts with Lemon and Almond Pastry
Honey and Almond Tarts with Sweetcrust","Caramelised Onion, Gruyere and Thyme Quiche",10,IN,UNKNOWN,"Stromboli flavored with Mozzarella, Ham, and Picante Pepper",1,IN,"Blueberry Macarons
Coconut Macarons
Strawberry Macarons",Lavender Biscuits,8,IN,Apple and Raspberry Meringue Pie,Salmon and Asparagus Pie,6,SB,Limoncello and White Chocolate Croquembouche,Rum and Raisin Baked Cheesecake,1,IN,"Pain Aux Raisin
Chocolate Twists
Banana and Raisin Pastries",Raspberry & Strawberry Mousse Cake,3,WINNER,"Mini Victoria Sandwiches
Raspberry, White Chocolate and Pistachio Mini Meringues
Mini Banoffee Pie with Banana Mousse",Raspberry and Blueberry Mille Feuille,1,NA,NA,NA,NA,NA,NA,NA,NA
2,Keith Batsford,Keith,Batsford,Keith,31 years,House husband,"Arlesey, Bedfordshire",NA,0,0,0,1,12,12,12,0,0,1,12.5,0,2011-08-16,2011-08-16,NA,NA,not aired in US,not aired in US,OUT,Chocolate and Sour Cream Cake,Earl Grey Cupcakes,12,NA,NA,NA,NA,NA,NA,NA,NA,NA,NA,NA,NA,NA,NA,NA,NA,NA,NA,NA,NA,NA,NA,NA,NA,NA,NA,NA,NA,NA,NA,NA,NA,NA,NA,NA,NA
2,Mary-Anne Boermans,Mary-Anne,Boermans,Mary-Anne,45 years,Housewife,"Kidderminster, Worcestershire",Runner Up,0,0,4,4,2,9,3.5,0,1,8,100,50,2011-08-16,2011-10-04,NA,NA,not aired in US,not aired in US,IN,Chocolate and Raspberry Opera cake,Banoffee Cupcakes,4,IN,"Butterscotch Brulée Tarts in Pecan Pastry
Apple Rose Tarts","Roasted Cauliflower, Cheese and
Caramelised Onion Quiche",9,IN,"Herb and Walnut Breads
Chocolate and Chilli Buns",Ploughman's Loaf,5,IN,"Blackcurrant and Mint Macarons
Gooseberry and Elderflower Macarons
Hazelnut Macarons",Melting Moments,2,IN,Midnight Meringue,Chicken and Bacon Pie,2,IN,Orange and Praline Croquembouche with Cardamom Caramel,Tutti Fruitti Curd Baked Cheesecake,4,IN,"Raspberry Rose Danishes
Praline SpiralsAlsatian Plaited Danishes",Chocolate and Orange Mousse Cake,2,RUNNER UP,"Fruit Tarts with Elderflower Custard
Strawberry and Rhubarb Cheesecakes
Black Fruit Meringue with Everlasting Syllabub",Lemon and Ginger Mille Feuille,3,NA,NA,NA,NA,NA,NA,NA,NA
2,Robert Billington,Robert,Billington,Robert,25 years,Photographer,London,NA,0,0,2,3,3,7,4,0,0,5,62.5,40,2011-08-16,2011-09-13,NA,NA,not aired in US,not aired in US,IN,"Genoise Layered Mousse Cake
with Chocolate Ganache","Blackberry and Vanilla Cupcakes
with Liquorice Frosting",3,IN,"Chocolate, Fennel and Ginger Tart
Almond, Creme Patissiere and Poached Pear Tart",Smoked Bacon and Kale Quiche,5,IN,"Blueberry Brioche Rolls
Lemon and Poppy Seed Rolls",Rye and Coriander Seed Loaf,4,IN,"Strawberry and Lime Macarons
Lemon Macarons
Chocolate and Cardamom Macarons",Chocolate and Ginger Oat Biscuits,7,OUT,Rhubarb and Custard Meringue Pie,Chicken and Mushroom Pie,3,NA,NA,NA,NA,NA,NA,NA,NA,NA,NA,NA,NA,NA,NA,NA,NA,NA,NA,NA,NA
2,Simon Blackwell,Simon,Blackwell,Simon,31 years,Rugby Coach,Norfolk,NA,0,0,0,2,9,11,10,0,0,2,25,0,2011-08-16,2011-08-23,NA,NA,not aired in US,not aired in US,IN,Two-Tiered Chocolate Courgette Cake,Guinness and Chocolate Cupcakes,9,OUT,"Passion Fruit and Ricotta Tarts
Salted Chocolate, Stem Ginger and Mascarpone Cream Tarts",Smoked Haddock and Watercress Quiche,11,NA,NA,NA,NA,NA,NA,NA,NA,NA,NA,NA,NA,NA,NA,NA,NA,NA,NA,NA,NA,NA,NA,NA,NA,NA,NA,NA,NA,NA,NA,NA,NA
2,Urvashi Roe,Urvashi,Roe,Urvashi,40 years,Head of Marketing,"Enfield, London",NA,0,0,0,3,7,9,7,0,0,3,37.5,0,2011-08-16,2011-08-30,NA,NA,not aired in US,not aired in US,IN,UNKNOWN,Cherry Blossom CupcakesJapanese Lime Cupcakes,7,IN,"Strawberry and Basil Tarts
Elderflower and Honeycomb Tarts","Crab, Coriander and Coconut Quiche",7,OUT,"Chilli and Halloumi Rolls
Lemon and Coriander Mini Loaves",Salt and Peppercorn Loaf,9,NA,NA,NA,NA,NA,NA,NA,NA,NA,NA,NA,NA,NA,NA,NA,NA,NA,NA,NA,NA,NA,NA,NA,NA,NA,NA,NA,NA
2,Yasmin Limbert,Yasmin,Limbert,Yasmin,43 years,Childminder,"West Kirby, The Wirral",NA,1,0,2,4,2,6,5,0,0,6,75,33.333333333333336,2011-08-16,2011-09-20,NA,NA,not aired in US,not aired in US,IN,UNKNOWN,Cardamom and Pomegranate Cupcakes,5,IN,"Chocolate and Orange with Cinnamon-Orange Pastry Tarts
Blueberry and Hazelnut with Hazelnut Pastry Tarts",Smoked Haddock and Watercress Quiche,6,SB,"Pesto Buns
Sweet Coconut Rolls",Egyptian Dukkah Loaf with Mixed Spices,2,IN,"Chocolate and Lime Macarons
Coffee and Walnut Macarons
Pineapple and Coconut Macarons",Chocolate Chip and Pistachio Biscotti,6,IN,Peach and Raspberry Meringue Pie,Family Fish Pie,5,OUT,Rose Croquembouche,Baked Amaretto Cheesecake,2,NA,NA,NA,NA,NA,NA,NA,NA,NA,NA,NA,NA,NA,NA,NA,NA
3,Brendan Lynch,Brendan,Lynch,Brendan,63 years,Recruitment consultant,Sutton Coldfield,Runner Up,2,2,6,4,1,10,3,0,1,10,100,60,2012-08-14,2012-10-16,NA,NA,not aired in US,not aired in US,IN,UNKNOWN,"Plum, Sour Cherry & Walnut Upside Down Cake",10,IN,"Chocolate and Vanilla Bagels
Cumin and Gruyere Bagels","Middle Eastern Taboon Bread
Indian Roti",4,IN,"Blackberry, Nectarine and Dragon Fruit Tart",Apple and Ginger Tarte Tatin,9,SB,"Pear, Chocolate and Hazelnut Dacquoise",Clementine and Chestnut Torte,1,IN,All American Chiffon Pie,Salmon Coulibiac in a Scandinavian Pastry,3,SB,"Spinach, Cheese and Walnut Strudel","Rhubarb, Strawberry and Ginger Puddings
Sticky Toffee Puddings",1,IN,Black Forest Christmas Stollen,Chelsea Bunski's,4,IN,Fantasy Gingerbread Bird House,Multi-Seed Savoury Crackers,2,IN,Gateau St. Honoré,"Coffee Meringue and Hazelnut Creams
Apricot and Pistachio Friands
Lime Curd Choux Pastry Cygnets",3,RUNNER UP,Family Reunion Chiffon Cake,Potato and Pepper Pithivier,2
3,Cathryn Dresser,Cathryn,Dresser,Cathryn,27 years,Shop assistant,"Pease Pottage, West Sussex",NA,0,1,4,4,1,8,4,0,0,8,80,50,2012-08-14,2012-10-02,NA,NA,not aired in US,not aired in US,IN,Hidden Cupcake Cake,"Apple, Hazelnut and Calvados Upside Down Cake",5,IN,"Cranberry and Orange Bagels
Chipotle, Chili, and Smoked Cheddar Bagels","Spiced Mango Naan
Lime, Coriander and Chilli Tortilla",8,IN,"Raspberry, Pistachio and Lemon Tart","Plum, Cherry and Five Spice Tarte Tatin",3,IN,"Gooseberry, Almond and Honey Meringue","White Chocolate, Macadamia and Coffee Torte",3,IN,Chocolate and Peanut Butter Pumpkin Pie,Full English Wellington,1,IN,Roasted Vegetable Couscous and Sheep Cheese Strudel,"Chocolate Walnut Whip Puddings
Elderflower Sponges",3,IN,Bonfire Night Tear 'n' Share Brioche,Lady Arundel's Manchet Buns,5,OUT,Gingerbread Buckingham Palace,Cheese and Pickle Crackers,5,NA,NA,NA,NA,NA,NA,NA,NA
3,Danny (Daniele) Bryden,Danny,Bryden,Danny,45 years,Intensive care consultant,Sheffield,NA,1,0,5,4,2,7,3,0,0,9,90,55.55555555555556,2012-08-14,2012-10-09,NA,NA,not aired in US,not aired in US,IN,UNKNOWN,"Plum, Ginger & Orange Upside Down Cake",7,IN,UNKNOWN,"Lime Coriander and Coconut Tortillas
Zaatar Naan with Dukkah",3,IN,"Pineapple, Coconut and Frangipane Tart",Savoury Pear and Roquefort Tarte Tatin,2,IN,"'Monte Bianco' Chestnut, Chocolate and Coffee Dacquoise","Blackberry, White Chocolate, Lemon and Elderflower Torte",2,IN,Trick or Treat Pumpkin Pie,"Chickpea, Spinach & Mushroom Wellington",7,IN,"Leek, Potato, Pistachio and Gruyère Strudel","Banoffee Puddings with Walnut Butterscotch Sauce
Jubilee Chocolate Fondants",2,SB,European Christmas Wreath,Bakewell Chelsea Buns,2,IN,Gingerbread Big Ben,Spiced Almond Drinks Crackers,4,OUT,Rosewater and Lychee St. Honoré,"Blackberry and Peppermint Macaroons
Miniature Raspberry and Basil Financiers
Orange and White Chocolate Langues de Chat",4,NA,NA,NA,NA
3,James Morton,James,Morton,James,21 years,Medical student,"Hillswick, Shetland Islands",Runner Up,3,5,7,3,1,7,1.5,0,1,10,100,70,2012-08-14,2012-10-16,NA,NA,not aired in US,not aired in US,IN,"""Simmer Dim"" Sunset Cake","Parsnip, Pear, and Pecan Upside Down Cake",2,IN,"Orange, Mint and Chocolate Bagels
'Millers' Sourdough Bagels","Tomato, Garlic, and Parmesan FlatbreadTattie Scones",2,SB,"Rose, Lychee and Raspberry Fruit Tart",Apple and Lavender Tarte Tatin,1,IN,"Fig, Chestnut, Cherry and Chocolate Layered Meringue","Hazelnut, Chocolate and Passionfruit Torte",5,IN,Sweet Potato Pie,Four Pig Wellington,6,IN,"Strawberry, Rhubarb and Ginger Strudel",Banana and Clove PuddingsClootie Dumplings,7,IN,Whisky Kugelhopf-Brioche Baba,Easter Chelsea Buns,1,SB,Gingerbread Barn,"Smoky Cayenne, Cumin and Chilli Crackers",1,SB,"Coffee, Caramel and Hazelnut Paris-Brest","Lemon and Rhubarb Tartlets
Chocolate Indulgence Petits Fours
Chilli, Lime and Raspberry Macaroons",1,RUNNER UP,United Chiffon Cakes,Spanish Pithivier with Chorizo and Red Pepper,1
3,John Whaite,John,Whaite,John,23 years,Law student,Wigan,WINNER,1,1,6,4,1,11,3,1,0,10,100,60,2012-08-14,2012-10-16,NA,NA,not aired in US,not aired in US,IN,Hidden Pink Hearts Cake,"Toffee Apple, Orange & Cranberry Upside Down Cake",11,SB,"Fig, Walnut and Gruyere Bagels
Blueberry and White Chocolate Bagels","Coriander and Chilli Rotis
Garlic, Pomegranate and Potato Pitas",1,IN,"Berries, Grapes, Pomegranate, and Dragon Fruit Tart",Apple and Vanilla Tarte Tatin with Walnut Praline,6,IN,Elderflower and Bramble Berry Pavlova,'Torte Noir' Black Forest Torte with Boozy Cream,6,IN,Star-Spangled Pecan Pie,Venison and Haggis Wellington,2,IN,Did not complete due to injury,"Spicy Toffee Puddings
Raspberry and White Chocolate Puddings",5,IN,Marzipan Stollen,Cherry and Almond Saffron Buns,3,IN,Gingerbread Roman Coliseum,Asian Spice Crackers,3,IN,Gateau St. Honoré a la Passion,"Lemon Madeleines
White Chocolate and Raspberry Tartlets
Dark Chocolate and Cherry Macaroons",2,WINNER,Heaven and Hell Chiffon Cake,Italian Sausage and Roasted Vegetable Pithivier,2
3,Manisha Parmar,Manisha,Parmar,Manisha,27 years,Nursery nurse,Leicester,NA,0,0,0,5,5,10,6,0,0,5,50,0,2012-08-14,2012-09-11,NA,NA,not aired in US,not aired in US,IN,UNKNOWN,"Vanilla, Peach and Raspberry Upside Down Cake",6,IN,UNKNOWN,"Indian Flatbreads
Italian Flatbreads",6,IN,Rum and Tropical Fruit Tart,"Cinnamon, Apple and Pear Tarte Tatin",10,IN,Tiramisu Layered Meringue Dessert,"Almond, Chocolate and Cherry Torte",9,OUT,Banana Scotch Pie,Lamb Wellington with Rosemary and Mint,5,NA,NA,NA,NA,NA,NA,NA,NA,NA,NA,NA,NA,NA,NA,NA,NA,NA,NA,NA,NA
3,Natasha Stringer,Natasha,Stringer,Natasha,36 years,Midwife,"Tamworth, Staffordshire",NA,0,0,0,1,12,12,12,0,0,1,10,0,2012-08-14,2012-08-14,NA,NA,not aired in US,not aired in US,OUT,Mother's Day Layered Rose Cake,Pineapple & Passion Fruit Upside Down Cake,12,NA,NA,NA,NA,NA,NA,NA,NA,NA,NA,NA,NA,NA,NA,NA,NA,NA,NA,NA,NA,NA,NA,NA,NA,NA,NA,NA,NA,NA,NA,NA,NA,NA,NA,NA,NA
3,Peter Maloney,Peter,Maloney,Peter,43 years,Sales manager,"Windsor, Berkshire",NA,0,0,1,1,3,11,7,0,0,2,20,50,2012-08-14,2012-08-21,NA,NA,not aired in US,not aired in US,IN,Jubilee Cake,"Pear, Muscat & Chocolate Upside Down Cake",3,OUT,"Rosemary and Sea Salt Bagels
Apple and Cinnamon Bagels",Fennel and Nigella Seed NaanBannock Bread,11,NA,NA,NA,NA,NA,NA,NA,NA,NA,NA,NA,NA,NA,NA,NA,NA,NA,NA,NA,NA,NA,NA,NA,NA,NA,NA,NA,NA,NA,NA,NA,NA
3,Ryan Chong,Ryan,Chong,Ryan,38 years,Photographer,Bristol,NA,1,0,0,7,5,8,6,0,0,7,70,0,2012-08-14,2012-09-25,NA,NA,not aired in US,not aired in US,IN,Hidden Flowerbed Mousse Cake,Kumquat and Orange Polenta Upside Down Cake,8,IN,"Cinnamon and Date Bagels
Tarragon and Rosemary Bagels","Shanghai Spring Onion Flatbread
Garlic and Coriander Naan",5,IN,UNKNOWN,Spiced Pear Tarte Tatin,5,IN,"Strawberry, Rose and Pistachio Meringue",Green Tea Opera Torte,7,SB,Key Lime Pie,Curry Spiced Seabass Wellington,8,IN,"Apple, Sour Cherry, Raisin and Mixed Nuts Strudel","Chocolate Fondants
Sticky Ginger and Date Puddings",6,OUT,Char Siu Bao,Lardy Cakes,6,NA,NA,NA,NA,NA,NA,NA,NA,NA,NA,NA,NA
3,Sarah-Jane Willis,Sarah-Jane,Willis,Sarah-Jane,28 years,Vicar's wife,"Bewbush, West Sussex",NA,0,1,1,6,1,10,4,0,0,7,70,14.285714285714286,2012-08-14,2012-09-25,NA,NA,not aired in US,not aired in US,IN,Hidden Crown Cake,"Pear, Chocolate and Hazelnut Upside Down Cake",1,IN,UNKNOWN,Coconut RotiOatcakes,10,IN,French Apple Tart with Blackberry and Cassis Jam,Caramelised Banana Tarte Tatin,8,IN,Hazelnut Tiramisu Layered Meringue,Chocolate and Almond Truffle Torte,4,IN,Chocolate and Banana Cream Pie,Beef Wellington with Parma Ham and Gorgonzola Cheese,4,IN,Sweet Strudel with Sour Cherries,"Sticky Toffee Puddings
Granny's Saucy Lemon Puddings",4,OUT,Sour Cherry and Dark Chocolate Christmas Plait,"Orange, Nutmeg and Saffron Buns",7,NA,NA,NA,NA,NA,NA,NA,NA,NA,NA,NA,NA
3,Victoria Chester,Victoria,Chester,Victoria,50 years,CEO of the charity Plantlife,Somerset,NA,1,0,0,3,4,7,4,0,0,3,30,0,2012-08-14,2012-08-28,NA,NA,not aired in US,not aired in US,SB,Blackbird Pie Cake,Pear and Pecan Upside Down Cake,4,IN,"Saffron and Golden Raisin Bagels
Porcini Bagels","Coriander and Lemon Naan
Garlic and Parsnip Chapatis",7,OUT,Tropical Fruit Tart with Black Pepper Crust,"Fig, Walnut and Pink Peppercorn Tarte Tatin",4,NA,NA,NA,NA,NA,NA,NA,NA,NA,NA,NA,NA,NA,NA,NA,NA,NA,NA,NA,NA,NA,NA,NA,NA,NA,NA,NA,NA
3,Stuart Marston-Smith,Stuart,Marston-Smith,Stuart,26 years,PE teacher,"Lichfield, Staffordshire",NA,0,0,0,4,7,9,8.5,0,0,4,40,0,2012-08-14,2012-09-04,NA,NA,not aired in US,not aired in US,IN,Lemon and Pistachio Union Flag Cake,Tomato and Ginger Upside Down Cake,9,IN,"Cinnamon and Cranberry Bagels
Tomato and Thyme Bagels","Bombay Bread
Chorizo and Spring Onion Naan",9,IN,Raspberry Triple Chocolate Layered Tart,Pear and Almond Tarte Tatin,7,OUT,Choca Blocka Mocha Meringue,Black Forest Torte,8,NA,NA,NA,NA,NA,NA,NA,NA,NA,NA,NA,NA,NA,NA,NA,NA,NA,NA,NA,NA,NA,NA,NA,NA
4,Ali Imdad,Ali,Imdad,Ali,25 years,Charity worker,"Saltley, Birmingham",NA,0,0,0,4,5,11,8.5,0,0,4,40,0,2013-08-20,2013-09-10,2014-12-28,2015-01-18,28-Dec-14,18-Jan-15,IN,"Chocolate, Raspberry and Passion Fruit Engagement Cake",Rose and Pistachio Cake,11,IN,Sweet (White Chocolate & Apricots) and Savoury (Chicken Tikka & Paneer) Yin Yang Bread,Italian Grissini,9,IN,"Vanilla Latte Mini Cakes
Lime & Mint Shortbread Pops","Coconut, Raspberry and Lemon Meringue Trifle",5,OUT,"Orange, Cardamom and Date M'Hanncha",Apple and Ginger Pie with a Pecan and Walnut Shortcrust Pastry,8,NA,NA,NA,NA,NA,NA,NA,NA,NA,NA,NA,NA,NA,NA,NA,NA,NA,NA,NA,NA,NA,NA,NA,NA
4,Beca Lyne-Pirkis,Beca,Lyne-Pirkis,Beca,31 years,Military Wives' Choir Singer,"Aldershot, Hampshire",NA,0,1,3,6,1,11,5,0,0,9,90,33.333333333333336,2013-08-20,2013-10-15,2014-12-28,2015-02-22,28-Dec-14,22-Feb-15,IN,Chocolate Cherry Indulgence,Grapefruit Sandwich Cake,8,IN,"Five Strand Christmas Wreath (Sultanas, Cinnamon and Honey)",Fennel and Chilli Breadsticks,11,IN,Limoncello and Blueberry BurstsMillionaire Shortbread,Orange and Ginger Trifle,10,IN,Moroccan Vegetable Filo Feast,Mamgu's Cherry-Apple Tart,2,IN,Tiered Macaron and Sugar Dough Biscuit Centrepiece,"Chocolate, Cherry and Hazelnut Brownies",5,IN,"Chocolate and Rum-Soaked Prune Brioches
Cardamom Spiced Lemon Iced Buns",Bara Brith,6,IN,"Nectarine and Frangipane Squares
Chocolate and Hazelnut Vol-au-vents
Strawberries and Cream Mille-feuille","Spring Lamb and Vegetable Suet Pudding
with Redcurrant Gravy",1,IN,Spiced Butternut Squash and Pecan 'Cheese' Cake,"Potato, Spelt and Rosemary Focaccia",4,OUT,Banoffee Opera Cake,"Stilton and Walnut Macarons
Beetroot and Salmon Choux PuffsWelsh Rarebit Tartlets",3,NA,NA,NA,NA
4,Christine Wallace,Christine,Wallace,Christine,66 years,Director of an engraving company,"Didcot, Oxfordshire",NA,2,1,2,6,1,7,4,0,0,8,80,25,2013-08-20,2013-10-08,2014-12-28,2015-02-15,28-Dec-14,15-Feb-15,IN,Chocolate and Orange 'Fripperous' Hat Cake,"Strawberry, Vanilla and Rosewater Summer Basket",3,IN,"Double Plaited Loaf (Onion, Cheese, and Bacon)",Mediterranean Breadsticks with Oregano,4,SB,Ninety-NinersSachertorte Parcels,Caribbean Pina Colada Trifle,4,IN,Roasted Vegetable Filo Pie with Feta Cheese,"Granny Rogers' Apple, Plum & Cinnamon Country Pie",7,SB,Shortbread Bavarian Clock Tower,Mixed Berry and Almond Crumble Traybake,1,IN,"Schnecken Buns
Vanilla Custard Skolebrød",Oxford Nutty Fruit Loaf,4,IN,"Eccles Cakes
Fresh Fruit Baskets
Lemon Cream Eton Mess Mille-feuille","Spotted Dick 'With a Kick'
and Vanilla Custard Ice Cream",6,OUT,Sweet Potato Guitar with Passion Fruit Icing and Marshmallow Fondant,"Multi-Seeded Loaf with Pumpkin, Sesame and Sunflower Seeds",5,NA,NA,NA,NA,NA,NA,NA,NA
4,Deborah Manger,Deborah,Manger,Deborah,51 years,Dentist,Peterborough,NA,0,0,0,3,8,9,9,0,0,3,30,0,2013-08-20,2013-09-03,2014-12-28,2015-01-11,28-Dec-14,11-Jan-15,IN,'Coffee Time',Pineapple Cake,9,IN,Walnut Fleur Loaf,Fennel & Chilli Breadsticks,8,OUT,"Canelé Cherry and Chocolate Cakes
Rose Cookies",Tropical Trifle*,9,NA,NA,NA,NA,NA,NA,NA,NA,NA,NA,NA,NA,NA,NA,NA,NA,NA,NA,NA,NA,NA,NA,NA,NA,NA,NA,NA,NA
4,Frances Quinn,Frances,Quinn,Frances,31 years,Children's Clothes Designer,"Market Harborough, Leicestershire",WINNER,1,1,7,3,1,8,3,1,0,10,100,70,2013-08-20,2013-10-22,2014-12-28,2015-03-01,28-Dec-14,1-Mar-15,IN,Secret Squirrel Cake,Giant Jam Sandwich,7,IN,Sailor's Knot,Giant Matchsticks,2,IN,'Ballet Bites' Ginger NutcrackersSugar Plum Fairy Cakes,Apple and Blackberry Crumble Trifle,8,IN,Cherry Tree Baklava Filo Pie,Peach Pie In the Sky,1,IN,Biscuit Buttons and Beads,Millionaire Banoffee Bonus,3,IN,"Hot Cross Brioches
Rhubarb and Custard Kolaches",Chai Tea Loaf,2,SB,"French Framboise Cream Horns
Sheet Music Mille-feuille
Bass Clef Palmiers","Figgy Roll-y Poly Pudding
with Caramelised Walnut and Honey Ice-Cream",5,IN,"Hidden Carrot Cake (Ground Praline, Beetroot and Walnut)",'Chelsea Flour Show' Bun Bouquet,3,IN,Great British Soap Opera Cake,"Legume Canapés:
Chantenay Carrots
Choux Pastry Tomatoes
Cauliflower Cheese Scones",2,WINNER,Midsummer Night's Dream Wedding Cake,Rainbow Picnic Pie,3
4,Glenn Cosby,Glenn,Cosby,Glenn,37 years,English Teacher,"Teignmouth, Devon",NA,0,1,3,4,1,9,4,0,0,7,70,42.857142857142854,2013-08-20,2013-10-01,2014-12-28,2015-02-08,28-Dec-14,8-Feb-15,IN,Almond and Espresso Chocolate Cake,Strawberries and Cream Cake,4,IN,Harvest Crown,Rosemary and Parmesan Grissini,7,IN,"Billionaire Bouchées
Orange Financiers",Raspberry and Almond Trifle,1,IN,Spanakopita (Walnut and Feta Cheese),Apple & Maple Syrup Pie,9,IN,Shortbread and Macaron Helter-Skelter,Apricot and Pistachio Tiffin,2,IN,"Almond and Apricot Brioches
Sticky Caramel Kanelbullen",Devonshire Panettone,5,OUT,"Caramelised Apple and Marzipan Tartlets
Chocolate Elephant EarsPassion Fruit Mille-feuille","Prune and Armagnac Pudding
with Boozy Butterscotch Sauce",3,NA,NA,NA,NA,NA,NA,NA,NA,NA,NA,NA,NA
4,Howard Middleton,Howard,Middleton,Howard,51 years,Council Worker,Sheffield,NA,0,0,0,6,5,10,7,0,0,6,60,0,2013-08-20,2013-09-24,2014-12-28,2015-02-01,28-Dec-14,1-Feb-15,IN,Black Forest Revisited,Passion Fruit and Coconut Cake,6,IN,Picasso Sun Bread (Oregano and Orange Zest),Moroccan Breadsticks,10,IN,"Black Coffee and Cardamom Cakes
White Stilton and Pear Biscuits",Caramel and Apple Trifle*,7,IN,Fresh Fig and Feta Filo Flan,Apple Pie with Sage Pastry,5,IN,Japanese Pagoda Tea Tower,Breakfast Traybake,8,OUT,"Peachy Buns
German Baumschnecken",Date & Hemp Yorkshire Loaf,7,NA,NA,NA,NA,NA,NA,NA,NA,NA,NA,NA,NA,NA,NA,NA,NA
4,Kimberley Wilson,Kimberley,Wilson,Kimberley,30 years,Psychologist,London,Runner Up,2,3,5,5,1,10,3.5,0,1,10,100,50,2013-08-20,2013-10-22,2014-12-28,2015-03-01,28-Dec-14,1-Mar-15,IN,"Chocolate, Raspberry & Basil Layer Cake",Blood Orange Cake,10,IN,Peace Bread (Za'atar Spice Mix and Garlic),Nigella Seed and Parmesan Breadsticks,1,IN,"Chocolate Pistachio Financiers
Lemon Bergamot Biscuits","Peach, Almond and Ginger Trifle",6,SB,"Chicken, Bacon and Butternut Squash Pie",Pecan and Rosemary Caramel Apple Pie,4,IN,Black and White Viennese Biscuit Stack,Cherry and Almond Bakewell Florentine Slice,7,IN,"Double Chocolate and Hazelnut Brioches
Danish Kanelsnurrer",Chai Spiced Ginger and Date Tea Loaf,3,IN,"Pear, Malt and Butterscotch Mille-feuille
Blackberry and Lemon Verbena Crème Brûle Custard Tarts
Fig, Orange and Thyme Galette","Barberry and Apple Spotted Dick
with Maple Syrup and White Chocolate Custard",4,IN,Butternut Squash and Spice Cake Toadstool House,Wild Garlic Pesto and Parma Ham Spelt Loaf,2,SB,Passion Fruit and Lime Opera Cake,"Pea Purée Tarts
Crab and Wasabi Profiteroles
Steamed Buns with Barbecue Chicken",1,RUNNER UP,Languages of Love Wedding Cake,Chicken and Pig Pie,1
4,Lucy Bellamy,Lucy,Bellamy,Lucy,38 years,Horticulturist,"Grimsby, Lincolnshire",NA,0,0,1,1,2,12,7,0,0,2,20,50,2013-08-20,2013-08-27,2014-12-28,2015-01-04,28-Dec-14,4-Jan-15,IN,Thyme 'Wildwood' Cake,Timperley Early Cake,2,OUT,Roast Tomato Bread,Grissini with Salt,12,NA,NA,NA,NA,NA,NA,NA,NA,NA,NA,NA,NA,NA,NA,NA,NA,NA,NA,NA,NA,NA,NA,NA,NA,NA,NA,NA,NA,NA,NA,NA,NA
4,Mark Onley,Mark,Onley,Mark,37 years,Carpenter & Kitchen Fitter,Milton Keynes,NA,0,0,0,3,5,11,6,0,0,3,30,0,2013-08-20,2013-09-03,2014-12-28,2015-01-11,28-Dec-14,11-Jan-15,IN,Chocolate Monster,Lemon and Poppy Seed Cake,5,IN,Sage & Garlic Plait,Rosemary & Raisin Breadsticks,6,OUT,"Rose and Pistachio Macaroons
Chocolate and Raspberry Bites","Ginger, Mango and Passion Fruit Trifle",11,NA,NA,NA,NA,NA,NA,NA,NA,NA,NA,NA,NA,NA,NA,NA,NA,NA,NA,NA,NA,NA,NA,NA,NA,NA,NA,NA,NA
4,Robert Smart,Robert,Smart,Robert,54 years,Space Satellite Designer,"Melbourn, Cambridgeshire",NA,1,1,3,2,1,5,3,0,0,5,50,60,2013-08-20,2013-09-17,2014-12-28,2015-01-25,28-Dec-14,25-Jan-15,SB,Raspberry Chocolate Cake,Pecan and Apple Cake,1,IN,Tribute Loaf,Twisty Rye Bread Sticks,5,IN,Almond FriandsTurǫn Macaroons,Rhubarb and Orange Trifle,2,IN,Spanakopita with St George's Mushrooms,Apple and Pear Pie with Thyme,3,OUT,Dalek,Blueberry & Orange Traybake,4,NA,NA,NA,NA,NA,NA,NA,NA,NA,NA,NA,NA,NA,NA,NA,NA,NA,NA,NA,NA
4,Ruby Tandoh,Ruby,Tandoh,Ruby,20 years,History of Art and Philosophy Student,"Southend, Essex",Runner Up,3,2,6,4,1,12,3,0,1,10,100,60,2013-08-20,2013-10-22,2014-12-28,2015-03-01,28-Dec-14,1-Mar-15,IN,Chocolate and Ginger Night Sky Cake,Rhubarb and Custard Sandwich Cake,12,SB,White Chocolate and Orange Peacock Bread,Mexican Breadsticks,3,IN,"Lemon Shortbread and White Chocolate Seashells
Blackberry and Chocolate Layer Cakes",Desert Island Trifle,3,IN,"Rose, Almond and Raspberry Filo Pie",Apple and Marzipan Pie,6,IN,'Dropped Ice-Cream' Biscuit Centrepiece,Blackberry and Lemon Bakewell Slice,6,SB,"Twisted Swedish Kanelbullar
Saffron St. Lucia Buns",Citrus Tea Loaf,1,IN,"Raspberry and Passion Fruit Mille-feuille
Caramelised Apple Lattice
Portuguese Custard Tarts","Plum Jam Roly-Poly
with Ginger Ice cream",2,SB,Carrot Cake and Pistachio Garden Plot,Mango and Nigella Seed Spelt Cob,1,IN,"Chocolate, Almond Praline and Saffron Opera Cake","Beetroot Jelly on Poppy Seed Biscuits
Spinach, Parmesan and Egg Tartlets
Choux Buns with Goat's Cheese and Caramelised Onions",4,RUNNER UP,"Raspberry, Lemon and Passion Fruit Wedding Cake",Picnic Basket Pie,2
4,Toby Waterworth,Toby,Waterworth,Toby,30 years,Web Programmer,"Reading, Berkshire",NA,0,0,0,1,13,13,13,0,0,1,10,0,2013-08-20,2013-08-20,2014-12-28,2014-12-28,28-Dec-14,28-Dec-14,OUT,Two Tiered Chocolate Cake,Spiced and Iced Carrot Cake,13,NA,NA,NA,NA,NA,NA,NA,NA,NA,NA,NA,NA,NA,NA,NA,NA,NA,NA,NA,NA,NA,NA,NA,NA,NA,NA,NA,NA,NA,NA,NA,NA,NA,NA,NA,NA
5,Chetna Makan,Chetna,Makan,Chetna,35 years,Fashion designer,"Broadstairs, Kent",NA,1,1,5,4,1,8,3,0,0,9,90,55.55555555555556,2014-08-06,2014-10-01,2015-09-06,2015-11-01,6-Sep-15,1-Nov-15,IN,Tiered Victoria Sponges with Lemon Curd and Raspberry Cream,"Cardamom, Pistachio and Coffee Swiss Roll",3,IN,Day On The Beach,Fenugreek and Carom Crackers,8,IN,Rolled and Filled Twin Loaf,Onion and Pine Nut Rolls,8,IN,"Mango, Raspberry and Coconut Baked Alaska","Rhubarb, Strawberry and Orange Puddings",3,IN,Fusion Tiered Pies,Rice Custard Tart with Mangoes and Raspberries,2,SB,Almond Liqueur Dobos Torte with Chocolate Caramel Buttercream,Orange Savarin with Cinnamon Cream,2,IN,Chocolate and Mango & Lemon Meringue Éclairs,Crispy Lentil Kachori,6,IN,Chocolate Mousse Filled DoughnutsBraided Doughnuts,Date and Walnut Swirl Bread,1,OUT,"Chocolate, Orange and Nut Entremets
Cappuccino Entremets",Chocolate and Orange BaklavaMasala Chai Baklava,4,NA,NA,NA,NA
5,Claire Goodwin,Claire,Goodwin,Claire,31 years,Speech therapist,"Ashton on Mersey, Trafford",NA,0,0,0,1,8,8,8,0,0,1,10,0,2014-08-06,2014-08-06,2015-09-06,2015-09-06,6-Sep-15,6-Sep-15,OUT,Mini Chocolate and Cherry Cakes,Chocolatey Orangey Swirly Roll,8,NA,NA,NA,NA,NA,NA,NA,NA,NA,NA,NA,NA,NA,NA,NA,NA,NA,NA,NA,NA,NA,NA,NA,NA,NA,NA,NA,NA,NA,NA,NA,NA,NA,NA,NA,NA
5,Diana Beard,Diana,Beard,Diana,69 years,Women's Institute (WI) judge,"Alkington, Shropshire",NA,0,0,0,4,5,9,7,0,0,5,50,0,2014-08-06,2014-09-03,2015-09-06,2015-10-04,6-Sep-15,4-Oct-15,IN,Chocolate Ganache Surprises,Mum's Sunday Tea Lemon Curd Swiss Roll,5,IN,"Express, First Class",Parmesan Triangles,7,IN,Sharing Savoury Pinwheel,Rustic Picnic Rolls,7,IN,Raspberry Ripple Alaska Swan,Orange and Lemon Curd Pots,9,LEFT,NA,NA,NA,NA,NA,NA,NA,NA,NA,NA,NA,NA,NA,NA,NA,NA,NA,NA,NA,NA,NA,NA,NA
5,Enwezor Nzegwu,Enwezor,Nzegwu,Enwezor,39 years,Business consultant,"Portsmouth, Hampshire",NA,0,0,0,2,9,9,9,0,0,2,20,0,2014-08-06,2014-08-13,2015-09-06,2015-09-13,6-Sep-15,13-Sep-15,IN,Coffee and Walnut Battenberg Squares,Raspberry and Lemon Swiss Roll,9,OUT,Space Adventure Moon Scene,Pumpkin and Sunflower Savoury Biscuits,9,NA,NA,NA,NA,NA,NA,NA,NA,NA,NA,NA,NA,NA,NA,NA,NA,NA,NA,NA,NA,NA,NA,NA,NA,NA,NA,NA,NA,NA,NA,NA,NA
5,Iain Watters,Iain,Watters,Iain,31 years,Construction engineer,London / Belfast,NA,0,0,0,4,4,11,7.5,0,0,4,40,0,2014-08-06,2014-08-27,2015-09-06,2015-09-27,6-Sep-15,27-Sep-15,IN,"Lemon Drizzle Cakes with Mascarpone Filling, Drizzled Icing, and Candied Lemon",Apricot and Basil Swiss Roll with Mascarpone and White Chocolate Cream,4,IN,Wild West Scene,Za'atar and Fig Biscuits,11,IN,Moroccan Plaited with a Bessara Dip,Cranberry and Walnut Rye Bread Rolls,9,OUT,"Chocolate, Black Sesame Seed and Coffee Caramel Baked Alaska (not presented)","Chocolate, Lime and Raspberry Fondants",6,NA,NA,NA,NA,NA,NA,NA,NA,NA,NA,NA,NA,NA,NA,NA,NA,NA,NA,NA,NA,NA,NA,NA,NA
5,Jordan Cox,Jordan,Cox,Jordan,32 years,IT manager,"Sneinton, Nottingham",NA,0,0,0,3,6,12,10,0,0,3,30,0,2014-08-06,2014-08-20,2015-09-06,2015-09-20,6-Sep-15,20-Sep-15,IN,Lemon Drizzle Cakes with Blueberry and Lemon Curd,Kawaii Frasier Swiss Roll,12,IN,Monster Attack,"Sourdough, Parmesan and Chilli Biscuits",6,OUT,Strawberry Raspberry Cheesecake Brioche,Rye and Spelt Bread Rolls,10,NA,NA,NA,NA,NA,NA,NA,NA,NA,NA,NA,NA,NA,NA,NA,NA,NA,NA,NA,NA,NA,NA,NA,NA,NA,NA,NA,NA
5,Kate Henry,Kate,Henry,Kate,41 years,Furniture restorer,"Brighton, East Sussex",NA,1,1,2,5,1,7,4,0,0,7,70,28.571428571428573,2014-08-06,2014-09-17,2015-09-06,2015-10-18,6-Sep-15,18-Oct-15,IN,Mini Tiered Victoria Sponges,Red Velvet and White Chocolate Swiss Roll,6,IN,Tea Time,Parmesan and Apple Biscuits,4,IN,"Prosciutto, Olive and Coriander Bread",Orange and Cardamom Rye Bread Knots,1,IN,"Pistachio, Raspberry and Chocolate Baked Alaska",Chocolate and Salted Caramel Molten Puddings,7,SB,"Rhubarb, Prune and Apple Pork Pies",Rhubarb and Custard Tart,3,IN,Trio of Dobos Tortes,"Pecan, Chocolate and Sour Cherry Yeast Cake",6,OUT,Neapolitan & Lemon Meringue Éclairs,Spinach and Paneer Spicy Samosa,4,NA,NA,NA,NA,NA,NA,NA,NA,NA,NA,NA,NA
5,Luis Troyano,Luis,Troyano,Luis,42 years,Graphic designer,"Poynton, Cheshire",Runner up,1,1,7,3,1,7,2.5,0,1,10,100,70,2014-08-06,2014-10-08,2015-09-06,2015-11-08,6-Sep-15,8-Nov-15,IN,Raspberry and Lemon Genoise Slices with Lemon Drizzles,Spanish Swiss Roll,7,IN,George Versus The Dragon,Black Olive and Rosemary Biscuits with Caramelised Onion Glaze,3,SB,Roscón de Reyes,Opposites Attract Rolls,2,IN,Bakewell Alaska,Pears in Puddings,2,IN,Four Fruity Seasons Tower,Tropical Manchester Tart,6,IN,The Cage on the Rocky Hill,Apple & Cinnamon Kugelhopf with Honeyed Apples,3,IN,"Stars and Stripes Éclairs
(Blueberry Cheesecake & Peanut Butter and Jelly Éclairs)",Childhood Empanadas,5,IN,"Cocktail Doughnuts
(Mudslide & Raspberry Mojito)",Black Forest Cherry Tree,2,IN,"Chocolate Mousse and Cherry Entremets
Pomegranate, Fig and Pistachio Sponges",Indian Rose BaklavaHalwa Baklava Rolls,1,RUNNER UP,Village in Chocolate,"Apple, Walnut, Raisin and Cheshire Cheese ChaussonsPain au Chocolat Blanc with Raspberries and Cream Cheese",2
5,Martha Collison,Martha,Collison,Martha,17 years,Student,"Ascot, Berkshire",NA,0,2,5,3,1,5,3,0,0,8,80,62.5,2014-08-06,2014-09-24,2015-09-06,2015-10-25,6-Sep-15,25-Oct-15,IN,Mini Lemon and Thyme Drizzle Cakes,Tiramisu Swiss Roll,2,IN,Ski Village Scene,Caramelised Onion and Goat's Cheese Sandwich Biscuits,5,IN,Stuffed Sunflower Loaf,Date and Walnut Rye Rolls,3,IN,Key Lime Baked Alaska,Peanut Butter Chocolate Fondants,1,IN,Three Little Pigs Pie,"Pistachio, Apricot and Honey Custard Tart",1,IN,Chess-Themed Chocolate and Salted Caramel Dobos Torte,Dark Chocolate and Almond Liqueur Savarin,4,IN,"Rhubarb and Custard Éclairs
Maple Syrup and Bacon Éclairs",Mini Beef Wellingtons,3,OUT,"Glazed Lemon and Poppy Seed Doughnuts
Chocolate and Passion Fruit Doughnuts",Spiced Plum Iced Bread Swirl,5,NA,NA,NA,NA,NA,NA,NA,NA
5,Nancy Birtwhistle,Nancy,Birtwhistle,Nancy,60 years,Retired practice manager,"Barton-Upon-Humber, Lincolnshire",WINNER,1,3,7,3,1,5,2.5,1,0,10,100,70,2014-08-06,2014-10-08,2015-09-06,2015-11-08,6-Sep-15,8-Nov-15,SB,Jaffa Orange Cakes,Coffee and Hazelnut Swiss Roll,1,IN,Hansel and Gretel Scene,Fennel and Rye Thins,2,IN,'Full English' Stromboli,Cider and Walnut Crusty Rolls,5,IN,Summer Pudding Alaska,Pistachio Puddings with Chocolate Sauce,4,IN,Trio of Apple Pies,Chocolate-Crusted Passion Fruit Tart,4,IN,Chocolate and Caramel Dobos Torte,Rum Punch Savarin with Coconut Cream and Tropical Fruits,1,IN,Smoked Salmon and Horseradish & Raspberry Ripple Éclairs,Spicy Duck Pasties,2,IN,"Doughnut Family Tree
(Limoncello and Almond & Milk Chocolate and Orange)",Lincolnshire Plum Braid,3,IN,"Raspberry Nonnettes
Lime and Passion Fruit Entremets","Coffee and Chocolate Baklava
Breakfast Baklava",3,WINNER,Red Windmill,"Apple and Lemon Kites
Raspberry and Almond Croissants",1
5,Norman Calder,Norman,Calder,Norman,66 years,Retired naval officer,"Portknockie, Moray",NA,0,0,0,5,4,11,8,0,0,5,50,0,2014-08-06,2014-09-03,2015-09-06,2015-10-04,6-Sep-15,4-Oct-15,IN,Almond and Raspberry Mini Cakes,Black Forest Swiss Roll,11,IN,Zulu Boats at Dawn,Farthing Biscuits,10,IN,Chicken and Roasted Vegetable Picnic Loaf,Rye Bread Rolls,4,IN,Baked Alaska with Strawberry Surprise,Mini Sticky Toffee Puddings,8,OUT,Pieful Tower,Tarte au Citron,5,NA,NA,NA,NA,NA,NA,NA,NA,NA,NA,NA,NA,NA,NA,NA,NA,NA,NA,NA,NA
5,Richard Burr,Richard,Burr,Richard,38 years,Builder,"Mill Hill, London",Runner up,5,2,4,6,1,10,4.5,0,1,10,100,40,2014-08-06,2014-10-08,2015-09-06,2015-11-08,6-Sep-15,8-Nov-15,IN,Miniature Coffee and Walnut Cakes,Pistachio and Strawberry Swiss Roll,10,SB,Pirates!,Rosemary Seeded Crackers,1,IN,Pesto Pinwheel,Rye and Cranberry Rolls,6,SB,Tiramisu Baked Alaska,Black Forest Chocolate Fondants,5,IN,Three Course Autumn Pie Feast,Fig and Orange Tart,7,IN,Sugar Forest Dobos Torte,Fruity Guglhupf with an Orange Glaze,5,SB,"Stair of Éclairs
(Lavender and Blueberry & Rose and Raspberry Éclairs)",Minted Lamb Pasties,1,SB,Rhubarb and Custard and Toffee Apple Doughnuts,Fruit Swedish Tea Ring,4,SB,"Hazelnut Mocha Entremets
Pink Grapefruit Entremets","Rose and Pistachio Baklava
Walnut and Almond Baklava",2,RUNNER UP,Mill on the Hill,"Pear Pain au Chocolat
Pain Au Lait",3
6,Alvin Magallanes,Alvin,Magallanes,Alvin,37 years,Nurse,"Bracknell, Berkshire",NA,0,0,1,5,2,9,6,0,0,6,60,16.666666666666668,2015-08-05,2015-09-09,2016-07-01,2016-07-22,1-Jul-16,22-Jul-16,IN,Black Forest Gâteau,Orange Vanilla and Fig Madeira Cake,2,IN,Gingerbread Box filled with Brandy Snaps,"Jackfruit, Pistachio and Macadamia Biscotti",6,IN,Cornucopia,"Prosciutto, Manchego and Balsamic Onion Soda Breads",4,IN,Tower of Fruits Cheesecakes,Blackberry Crème Brûlées,9,IN,"Buko Pandan, Mango and Passion Fruit Ice Cream Roll",Pineapple Upside-Down Cake,8,OUT,Smoked Salmon En Croûte and Vermouth Chicken à la King Vol-au-vents,Plum Frangipane Tart,6,NA,NA,NA,NA,NA,NA,NA,NA,NA,NA,NA,NA,NA,NA,NA,NA
6,Dorret Conway,Dorret,Conway,Dorret,53 years,Accountant,"Penwortham, Lancashire",NA,0,1,1,2,1,6,5,0,0,3,30,33.333333333333336,2015-08-05,2015-08-19,2016-07-01,2016-07-15,1-Jul-16,15-Jul-16,IN,Enchanted Forest Gâteau,Madeira Cake with Candied Lemons,5,IN,Box of Frogs,Almond and Apricot Biscotti with Amber Sugar Crystals,1,OUT,Unmade Bread,Walnut and Stilton Soda Breads,6,NA,NA,NA,NA,NA,NA,NA,NA,NA,NA,NA,NA,NA,NA,NA,NA,NA,NA,NA,NA,NA,NA,NA,NA,NA,NA,NA,NA
6,Flora Shedden,Flora,Shedden,Flora,19 years,Art gallery assistant,"Dunkeld, Perth and Kinross",NA,0,1,7,2,1,6,3,0,0,9,90,77.77777777777777,2015-08-05,2015-09-30,2016-07-01,2016-08-05,1-Jul-16,5-Aug-16,IN,Black Forest Gâteau,Blood Orange Madeira Cake,6,IN,Honey and Earl Grey Tea Box,Wedding Biscotti,2,IN,Herb Couture,Fig and Hazelnut Rye Breads,2,IN,Elderflower and Granola Cheesecakes,Rhubarb and Ginger Crème Brûlées,3,IN,Chocolate and Pear Bûche,"Pistachio, Apple and Cardamom Madeleine Cake",3,IN,Asparagus and Parma Ham and Praline and Chocolate Vol-au-vents,Apricot and Rosemary Frangipane Tart,2,IN,"Raspberry, Pomegranate and Champagne Charlotte Russe",Game Pie with Shallot and Apple Chutney,4,IN,Lime & Basil and Coconut & White Chocolate Religieuse à l'ancienne,Peach & Lemon Thyme and Smoked Almond & Butterscotch Cream Horns,3,OUT,Cocoa Carousel,Passion Fruit and Chocolate Tart,1,NA,NA,NA,NA
6,Ian Cumming,Ian,Cumming,Ian,41 years,Travel photographer,"Great Wilbraham, Cambridgeshire",Runner Up,3,1,6,4,1,8,3,0,1,10,100,60,2015-08-05,2015-10-07,2016-07-01,2016-08-12,1-Jul-16,12-Aug-16,IN,Black Forest Cherry Tree,Somewhere West of Madeira Cake,8,SB,Sandwich de la Confiture,"Orange, Rosemary and Almond Biscotti",3,SB,Flour Power,Wild Garlic Pesto Soda Breads,1,SB,Trio of Spicy and Herby Baked Cheesecakes,Pomegranate Two Ways Crème Brûlées,4,IN,Dessert Island,Honey and Flowers Cake,5,IN,Vol-au-vents Terre et Mer,Pear and Raspberry Frangipane Tart,3,IN,Victoria's Crown Charlotte Russe,Roadkill Pie,5,IN,Nun with Hidden Passions,Mont Blanc & Black Forest Gâteau Horns,2,IN,Chocolate Well,Chocolate and Bay Tart,3,RUNNER UP,Colossal Curry Carrot Cake,Elderflower and Lemon & Spiced Buns,2
6,Marie Campbell,Marie,Campbell,Marie,66 years,Retired,"Auchterarder, Perthshire",NA,1,0,1,1,3,11,7,0,0,2,20,50,2015-08-05,2015-08-12,2016-07-01,2016-07-08,1-Jul-16,8-Jul-16,SB,A Walk in the Black Forest,Zingy Citrus Madeira Cake,3,OUT,Russian Box,Biscotti Italiano,11,NA,NA,NA,NA,NA,NA,NA,NA,NA,NA,NA,NA,NA,NA,NA,NA,NA,NA,NA,NA,NA,NA,NA,NA,NA,NA,NA,NA,NA,NA,NA,NA
6,Mat Riley,Mat,Riley,Mat,37 years,Fire fighter,London,NA,1,1,1,6,1,8,6,0,0,7,70,14.285714285714286,2015-08-05,2015-09-16,2016-07-01,2016-07-29,1-Jul-16,29-Jul-16,IN,Black Forest Gateau,Gin and Tonic Madeira Cake,7,IN,Gingerbread Fire Engine,"Pistachio, Cranberry and White Chocolate Biscotti",5,IN,Curry Inspired Brighton Pavilion,"Jalapeño, Mexican Cheddar and Smoked Salt Soda Breads",8,IN,Chocolate Bar Cheesecakes,Coconut Crème Brûlées,7,IN,Raspberry and Coconut Ice Cream Roll,Sugar-Free Carrot Cake,4,SB,His 'n' Hers Vol-au-vents,Piña Colada Frangipane Tart,1,OUT,Strawberry Charlotte Russe,Raised Venison and Pigeon Pie,6,NA,NA,NA,NA,NA,NA,NA,NA,NA,NA,NA,NA
6,Nadiya Hussain,Nadiya,Hussain,Nadiya,30 years,Full-time mother,Leeds / Luton,winner,3,4,4,6,1,12,4,1,0,10,100,40,2015-08-05,2015-10-07,2016-07-01,2016-08-12,1-Jul-16,12-Aug-16,IN,Quadruple Chocolate Black Forest Gâteau,Orange and Green Cardamom Madeira Cake,12,IN,Box of Fortunes,"Coconut, Fennel and Pistachio Biscotti",9,IN,Snake Charmer's Basket,Mexican Bread with Warm Tomato Salsa,9,IN,Fizzy Pop Cheesecakes,Cinnamon Tea Crème Brûlées,8,SB,Chocolate and Strawberry Lime Ice Cream Roll,Naked Blueberry and Caraway Crunch Cake,1,IN,Bengali Korma and Clementine with Cod Vol-au-vents,"Bay Leaf, Rong Tea and Pear Tart",4,IN,Mango and Raspberry Charlotte Russe,Aromatic Raised Game Pie,1,SB,Bubble Gum and Peppermint Cream Religieuse à l'ancienne,Rose Pistachio and Mocha Hazelnut Horns,1,SB,Peacock in Nan's Door,Peanut Salted Caramel and Chocolate Tart,4,WINNER,My Big Fat British Wedding Cake,Cardamom and Almond Buns & Nutmeg and Sour Cherry Fingers,1
6,Paul Jagger,Paul,Jagger,Paul,49 years,Prison governor,"Swansea, Wales",NA,0,1,3,5,1,10,5,0,0,8,80,37.5,2015-08-05,2015-09-23,2016-07-01,2016-07-29,1-Jul-16,29-Jul-16,IN,Black Forest Chocolate Creation,"Lemon, Ginger and Caraway Seed Madeira Cake",10,IN,Memory Box,"Chocolate, Hazelnut and Fig Biscotti",10,IN,King of the Jungle,Cranberry and Orange Sweet Soda Breads,10,IN,Berry Cheesecake Tower,Almond Crème Brûlées,1,IN,Dessert Island Getaway,Carrot & Pecan Cake,2,IN,Savoury and Sweet Bouchées,Christmas Frangipane Tart,5,IN,Charlotte Rose,Not a Boaring Pie,2,OUT,Religieuse à l'ancienne,Café Tipple & Banana Crunch-away Horns,5,NA,NA,NA,NA,NA,NA,NA,NA
6,Sandy Docherty,Sandy,Docherty,Sandy,49 years,Child welfare officer,"Yeadon, West Yorkshire",NA,0,0,0,4,4,9,6.5,0,0,4,40,0,2015-08-05,2015-08-26,2016-07-01,2016-07-15,1-Jul-16,15-Jul-16,IN,Black Forest Gâteau,Madeira Cake with Almond Liqueur and Chopped Apricots,9,IN,Sundried Tomato Cheese Biscuit Box,Chocolate Chunk and Hazelnut Biscotti,4,IN,Basket of Bread Flowers with a Walnut and Blue Cheese Centre,Soda Breads with Smoked Bacon and Onion,7,OUT,"Cassata, Whisky and Orange & Apple Pie Cheesecakes",Pontefract Crème Brûlées,6,NA,NA,NA,NA,NA,NA,NA,NA,NA,NA,NA,NA,NA,NA,NA,NA,NA,NA,NA,NA,NA,NA,NA,NA
6,Stu Henshall,Stu,Henshall,Stu,35 years,Professional musician,"Guildford, Surrey",NA,0,0,0,1,11,11,11,0,0,1,10,0,2015-08-05,2015-08-05,2016-07-01,2016-07-01,1-Jul-16,1-Jul-16,OUT,Purple Forest Gâteau,Marley Madeira Cake,11,NA,NA,NA,NA,NA,NA,NA,NA,NA,NA,NA,NA,NA,NA,NA,NA,NA,NA,NA,NA,NA,NA,NA,NA,NA,NA,NA,NA,NA,NA,NA,NA,NA,NA,NA,NA
6,Tamal Ray,Tamal,Ray,Tamal,29 years,Trainee anaesthetist,Manchester,Runner Up,1,0,4,6,2,8,4,0,1,10,100,40,2015-08-05,2015-10-07,2016-07-01,2016-08-12,1-Jul-16,12-Aug-16,IN,Black Forest Gâteau in a Chocolate Shell,Pistachio and Rose Madeira Cake,4,IN,Chessboard Box,"Cinnamon, Maple and Cranberry Biscotti",8,IN,Breadcycle,"Fig, Cheese and Walnut Breads",3,IN,"Mango, Hazelnut and Rosemary Cheesecake Trio",Rhubarb and Ginger Crème Brûlées,5,IN,Passion Fruit and Pineapple Ice Cream Roll,Honey and Grapefruit Polenta Cake,7,IN,Fennel and Rosemary Pulled Pork and Chicken and Coriander Vol-au-vents,Spiced Pear Frangipane Tart,7,SB,"Spiced Blackberry, Raspberry and Cardamom Charlotte Russe",Middle Eastern Game Pie,3,IN,Passionfruit & Mango and Pistachio & Raspberry Religieuse à l'ancienne,Lime & Mascarpone and Malt Cream Horns,4,IN,Chocolate Bell Tower,Chocolate New York Pie,2,RUNNER UP,Sticky Toffee Pudding Cake,Cinnamon and Apple & Toffee and Marmalade Iced Buns,3
6,Ugnė Bubnaityte,Ugnė,Bubnaityte,Ugnė,32 years,PA and administrator,"Woodford, London",NA,0,1,2,3,1,7,5,0,0,5,50,40,2015-08-05,2015-09-02,2016-07-01,2016-07-22,1-Jul-16,22-Jul-16,IN,Falling Cup Gâteau,Lemon and Thyme Madeira Cake,1,IN,Baby Climbing into the Cookie Box,White Wine Biscotti,7,IN,Easter Basket,Chocolate Quick Breads with Salted Caramel Sauce,5,IN,"Lime, Coconut and Hazelnut Cheesecakes",Marula Fruit and Coffee Liqueur Crème Brûlées,2,OUT,"Chocolate, Peanut Butter and Grape Jam Roll",Chocolate and Hazelnut Sugar-Free Cake,6,NA,NA,NA,NA,NA,NA,NA,NA,NA,NA,NA,NA,NA,NA,NA,NA,NA,NA,NA,NA
7,Andrew Smyth,Andrew,Smyth,Andrew,25 years,Aerospace engineer,"Derby / Holywood, County Down",Runner Up,2,2,5,5,1,12,3,0,1,10,100,50,2016-08-24,2016-10-26,2017-06-16,2017-08-04,16-Jun-17,4-Aug-17,IN,'Ultimate Indulgence' Mirror Glaze Cake,Lemon and Rosemary Drizzle Cake,12,IN,Punting in Cambridge,Beehive Biscuits,4,IN,Braided Harvest Bread Basket,Chocolate Barmbrack Bread,2,IN,Churros Window Box,Yorkshire 'Tapas' Puddings,4,IN,Spicy Chorizo Squash Parcels & Baklava Bites,Mum and Dad's Breakfast Pastries,6,IN,Spring Elderflower Trio,Tangy Lime and Ginger Meringue Pie,6,SB,Childhood Ice Cream Mousse Cakes,Tropical Holiday Roulade,1,IN,Jousting Knights Marchpane,Da Vinci Inspired Geared Pies,2,SB,Philharmonic Fondants,Cheesy Elephant Ears & Herby Treble Clefs,2,RUNNER UP,Family and Friends' Favourites Picnic,Crunchy Caramel Cassis Crown,1
7,Benjamina Ebuehi,Benjamina,Ebuehi,Benjamina,23 years,Teaching assistant,South London,NA,1,1,4,4,1,6,3.5,0,0,8,80,50,2016-08-24,2016-10-12,2017-06-16,2017-07-28,16-Jun-17,28-Jul-17,IN,White Chocolate Mirror Glaze with Salted Praline Buttercream,"Pistachio, Cardamom and Lemon Drizzle Cake",6,IN,"New York, New York",Bouquet Biscuits,3,IN,Braided Bread Heart,"Chocolate, Tahini and Almond Babka",6,SB,Tropical Churros,"Red Onion Chutney, Brie and Bacon Yorkshire Puddings",1,IN,Plantain and Spinach Samosas & Chai Pear Cups,'Good Morning America' Swirls & Peanut Butter and Banana Pinwheels,5,IN,Floral Tea Cake,Grapefruit and Ginger Meringue Pie,2,IN,Apple Crumble Mousse Cake and Chocolate Coffee Mousse Cake,Piña Colada Roulade,3,OUT,Tudor Garden,Mexican Adventure,4,NA,NA,NA,NA,NA,NA,NA,NA
7,Candice Brown,Candice,Brown,Candice,31 years,PE teacher,"Barton-Le-Clay, Bedfordshire",WINNER,3,1,7,3,1,8,2.5,1,0,10,100,70,2016-08-24,2016-10-26,2017-06-16,2017-08-04,16-Jun-17,4-Aug-17,IN,"Mirror Mirror On The Wall, Who Is The Shiniest Cake Of Them All?",Raspberry and Rhubarb Drizzle Custard Bundt Cake,5,SB,Gingerbread Pub with Sticky Ginger Carpet,"Salted Caramel, Chocolate Iced Shiny Hearts",8,IN,Italian Light and Dark Rye Twist,"Chocolate, Salted Caramel & Pecan Brittle Brioche Loaf",3,IN,Two-Way Peanut Butter Churros,Yorkshire Wellingtons,2,SB,"Sausage, Black Pudding and Apple Rounds & Banoffee Whiskey Cups","Danish Pastry Croque Monsieur Kites & Cinnamon Apple, Vanilla Créme Rose Danish",2,IN,Four Seasons Cake,"Lime, Coconut and Lemongrass Sugar Meringue Pie",5,IN,Blackberry and Raspberry Bubbles and After Dinner Mousse,Crowd Pleaser Roulade,2,SB,Peacock,Cheesy Cheeky Fish Pies,1,IN,Chocolate Praline Fondant Fancies & Cherry Bakewell Fondant Fancies,"Red Onion, Cambozola and Walnut Palmiers & Walnut, Streaky Bacon and Mushroom Palmiers",3,WINNER,Picnic for Pearly Kings and Queens,Queen Victoria's Mango and Strawberry Crown,2
7,Jane Beedle,Jane,Beedle,Jane,61 years,Garden designer,Beckenham,Runner Up,1,2,5,5,1,9,3.5,0,1,10,100,50,2016-08-24,2016-10-26,2017-06-16,2017-08-04,16-Jun-17,4-Aug-17,SB,Chocolate Orange Mirror Cake,Lemon and Poppy Seed Drizzle Cake,7,IN,Hastings Old Town Fishing Net Shops and Boat,Flower Pot Iced Biscuits,2,IN,Chorizo and Chilli Flower with Parmesan and Pesto Centre,Chocolate and Cranberry Couronne,9,IN,Pistachio and White Chocolate Churros,Meat and Two Veg Yorkshires,3,IN,"Roquefort, Fig and Walnut Parcels & Cherry and Chocolate Cones","Orange Pain aux Raisins Secs, Raspberry, Chocolate and Almond Danish",1,IN,Three-Tier Orange Cake with a Floral Chocolate Collar,Lime and Coconut Meringue Pie,4,IN,"Chocolate, Coffee and Vanilla Joconde Cakes and Blackcurrant and Vanilla Ombré Mousses",Chocolate and Hazelnut Roulade,4,IN,Swans,Tudor Rose Pies,5,IN,Pistachio and Raspberry Fondant Fancies & Lemon Curd Surprise Fondant Fancies,"Pesto and Sundried Tomato Palmiers & Goat Cheese, Olive and Parma Ham Palmiers",1,RUNNER UP,Family Favourites Feast,"Red, White and Blue Meringue Crown",3
7,Kate Barmby,Kate,Barmby,Kate,37 years,Nurse,"Brooke, Norfolk",NA,0,1,1,3,1,8,5.5,0,0,4,40,25,2016-08-24,2016-09-14,2017-06-16,2017-06-30,16-Jun-17,30-Jun-17,IN,One Swallow Does Not Make A Summer Cake,Berry Best Apple and Bramble Drizzle Cake,4,IN,"""I Promise I will do my best""","""A Biscuit for the Broads""",1,IN,The Corn Maiden,Cobbled Loaf,8,OUT,Hot Cross Bunny Churros,Christmas Dinner Compromise,7,NA,NA,NA,NA,NA,NA,NA,NA,NA,NA,NA,NA,NA,NA,NA,NA,NA,NA,NA,NA,NA,NA,NA,NA
7,Lee Banfield,Lee,Banfield,Lee,67 years,Pastor,Bolton,NA,0,0,0,1,11,11,11,0,0,1,10,0,2016-08-24,2016-08-24,2017-06-16,2017-06-16,16-Jun-17,16-Jun-17,OUT,Strawberry Surprise Mirror Cake,St Clements Orange and Lemon Drizzle Cake,11,NA,NA,NA,NA,NA,NA,NA,NA,NA,NA,NA,NA,NA,NA,NA,NA,NA,NA,NA,NA,NA,NA,NA,NA,NA,NA,NA,NA,NA,NA,NA,NA,NA,NA,NA,NA
7,Louise Williams,Louise,Williams,Louise,46 years,Hairdresser,Cardiff,NA,0,0,0,2,9,10,9.5,0,0,2,20,0,2016-08-24,2016-08-31,2017-06-16,2017-06-16,16-Jun-17,16-Jun-17,IN,White Chocolate Trifle Mirror Glaze Cake,Orange Liqueur and Lemonade Drizzle Cake,9,OUT,Gingerbread Wedding,Baa Bara Brith Biscuits,10,NA,NA,NA,NA,NA,NA,NA,NA,NA,NA,NA,NA,NA,NA,NA,NA,NA,NA,NA,NA,NA,NA,NA,NA,NA,NA,NA,NA,NA,NA,NA,NA
7,Michael Georgiou,Michael,Georgiou,Michael,20 years,Student,Durham,NA,0,0,1,2,3,9,7,0,0,3,30,33.333333333333336,2016-08-24,2016-09-07,2017-06-16,2017-06-23,16-Jun-17,23-Jun-17,IN,Matcha Tea Chocolate Mirror Glaze,"Lime, Ginger and Honey Drizzle Cake",3,IN,Trip to See Santa in Lapland,"Malt, Chocolate and Orange Iced ""Beer"" Biscuits",9,OUT,Cypriot Dove and Olive Branch Plaited Loaf with Houmous,Chocolate and Chilli Swirl Plait,7,NA,NA,NA,NA,NA,NA,NA,NA,NA,NA,NA,NA,NA,NA,NA,NA,NA,NA,NA,NA,NA,NA,NA,NA,NA,NA,NA,NA
7,Rav Bansal,Rav,Bansal,Rav,28 years,Student support,Erith,NA,0,0,1,5,3,10,8,0,0,6,60,16.666666666666668,2016-08-24,2016-09-28,2017-06-16,2017-07-14,16-Jun-17,14-Jul-17,IN,Colombian Mocha Mirror Glaze Cake,Ginger Spice Yuzu Drizzle Cake,8,IN,Gingerbread Christmas Fairground,Union Jack Bunting Biscuits,6,IN,Three Tier Diwali Bread Centrepiece,"Chocolate, Cardamom and Hazelnut Loaf",10,IN,Three Dip Matcha Pistachio Churros,Thai Tofu Panang Yorkshires,9,IN,Chinese-Style Prawn Filo Tartlets & Spiced White Chocolate and Hazelnut Samosas,"Cinnamon Swirls & Pecan, Walnut and Maple Plaits",8,OUT,Blossom Cake,Mandarin Margarita Meringue Pie,3,NA,NA,NA,NA,NA,NA,NA,NA,NA,NA,NA,NA,NA,NA,NA,NA
7,Selasi Gbormittah,Selasi,Gbormittah,Selasi,30 years,Client service associate,London,NA,0,1,3,6,1,11,5,0,0,9,90,33.333333333333336,2016-08-24,2016-10-19,2017-06-16,2017-08-04,16-Jun-17,4-Aug-17,IN,"Raspberry, Sloe and White Chocolate Mirror Glaze Cake",Citrus and Spice Drizzle Cake,1,IN,Stained Glass Window Gingerbread Church,"""Wheelie Hot Iced Biscuits""",11,IN,Bedouin Escape Tear and Share Bread,"Chocolate, Orange and Cinnamon Bread",5,IN,Lemon and Anise Churros,Perfect Sunday Roast Accompaniment,8,IN,"Parma Ham, Asparagus and Cheese Filo Cigars & Coffee Cream Filo Cups","Rhubarb, Mango and Ginger Plait & Pineapple and Coconut Pinwheels",3,IN,Three-Tiered Ombré Floral Cake,"Grapefruit, Orange and Mint Meringue Pie",7,IN,"Lemon, Strawberry and Passionfruit and Chocolate and Mint Mini Mousse Cakes",Summer Picnic Roulade,6,IN,Fruity Tudor Marchpane,Bouquet of Flowers,3,OUT,Lime and Ginger Fondant Fancies & Pink Velvet and Raspberry Prosecco Fondant Fancies,"Sundried Tomato, Onion, Peppers and Parmesan Palmiers & Salmon, Spinach and Mushroom Palmiers",4,NA,NA,NA,NA
7,Tom Gilliford,Tom,Gilliford,Tom,26 years,Project engagement manager,Rochdale,NA,2,1,2,5,1,7,4,0,0,7,70,28.571428571428573,2016-08-24,2016-10-05,2017-06-16,2017-07-21,16-Jun-17,21-Jul-17,IN,Black Forest Broken Mirror,G&T Drizzle Cake,2,IN,Tom and Pod's Near Death Experience,Chai Frappelatteccino Biscuits,7,SB,Jörmungandr and Mjölnir,Chocolate Orange and Chilli Swirl Bread,4,IN,Fennel Churros Snake In The Grass,West Yorkshire Fusion Puddings,5,IN,Yin and Yang Amuse-bouche,Mega Breakfast Bonanzas; Granola Spirals & Wheat Foldovers,4,SB,Floral Tea Cake,Blood Orange Halloween Pumpkin Pie,1,OUT,Hipster Picnic,Millionaire's Roulade,5,NA,NA,NA,NA,NA,NA,NA,NA,NA,NA,NA,NA
7,"Valerie ""Val"" Stones",Val,Stones,Valerie,66 years,"Semi-retired, Substitute teacher",Yeovil,NA,0,1,1,4,1,10,6,0,0,5,50,20,2016-08-24,2016-09-21,2017-06-16,2017-07-07,16-Jun-17,7-Jul-17,IN,Chocolate Sponge with Four Fruit Frosting,Mum's Orange & Lemon Drizzle,10,IN,From Holland to New York via Yorkshire,Sunday Treat Iced Ice Cream Cone Biscuits,5,IN,"""And They All Went Into The Ark To Get Out Of The Rain""",Double Chocolate Cinnamon Twist Loaf,1,IN,Chocolate Orange Churros,Mum's Chilli Yorkshire Puddings,6,OUT,"Caramelised Red Onion, Goat's Cheese Tartlets & Mincemeat and Apple Spiced Parcels","Pecan and Maple Syrup Pinwheels & Apple, Sultana and Cinnamon Swirls",7,NA,NA,NA,NA,NA,NA,NA,NA,NA,NA,NA,NA,NA,NA,NA,NA,NA,NA,NA,NA
8,Chris Geiger,Chris,Geiger,Chris,50 years,Software developer,Bristol,NA,0,0,0,2,11,12,11.5,0,0,2,20,0,2017-08-29,2017-09-05,NA,NA,not aired in US,not aired in US,IN,'Raised Pork Pie and Egg Surprise' Cake,Tropical Fresh Fruit Cake,12,OUT,'The Great British Sail Off' Game,Chocolate Chia seed Biscuits with Whisky Caramel Filling,11,NA,NA,NA,NA,NA,NA,NA,NA,NA,NA,NA,NA,NA,NA,NA,NA,NA,NA,NA,NA,NA,NA,NA,NA,NA,NA,NA,NA,NA,NA,NA,NA
8,Flo Atkins,Flo,Atkins,Flo,71 years,Retired,Merseyside,NA,0,0,0,3,7,10,9,0,0,3,30,0,2017-08-29,2017-09-12,NA,NA,not aired in US,not aired in US,IN,'One in a Melon' Cake,Citrus Layer Cake,9,IN,'Pick My Bones' Game,Gin Jam Butties,10,OUT,'Davy Jones' Locker' Bread Sculpture,Cinnamon and Orange Teacakes,7,NA,NA,NA,NA,NA,NA,NA,NA,NA,NA,NA,NA,NA,NA,NA,NA,NA,NA,NA,NA,NA,NA,NA,NA,NA,NA,NA,NA
8,James Hillery,James,Hillery,James,46 years,Banker,"Brentwood, Essex",NA,0,0,3,2,2,9,3,0,0,5,50,60,2017-08-29,2017-09-26,NA,NA,not aired in US,not aired in US,IN,'Mock-accino and Croissant' Cake,"Orange, Rhubarb & Ginger Crumble Cake",2,IN,'Coppit' Game,Rhubarb and Custard Whirls,3,IN,'Owl in the Woods' Bread Sculpture,Nordic Teacakes,9,IN,Nutty Caramel Cake,'Windy City' Millionaire Shortbreads,2,OUT,'The Missed Silver Jubilee' Trifle Terrine,Orange and Ginger Steamed School Pudding,7,NA,NA,NA,NA,NA,NA,NA,NA,NA,NA,NA,NA,NA,NA,NA,NA,NA,NA,NA,NA
8,Julia Chernogorova,Julia,Chernogorova,Julia,21 years,Aviation Broker,"Crawley, West Sussex",NA,1,0,3,3,2,9,3.5,0,0,6,60,50,2017-08-29,2017-10-03,NA,NA,not aired in US,not aired in US,IN,'Russian Doll' Cake,Courgette Lemon Cake,3,IN,'A British Baking' Game,Middle Eastern Delight Sandwich Biscuits,4,SB,'The Snail Under a Mushroom' Bread Sculpture,Earl Grey Dried Fruit Teacakes,2,IN,Poppy Seed Caramel Cake,Pecan Salted Caramel Millionaire Shortbreads,9,IN,'Opulent Ornament' Trifle Terrine,Orange & Treacle Steamed School Pudding,3,OUT,'Special Occasion' Pie,'Pies from the Tree' Decorative Pies,7,NA,NA,NA,NA,NA,NA,NA,NA,NA,NA,NA,NA,NA,NA,NA,NA
8,Kate Lyon,Kate,Lyon,Kate,29 years,Health and safety inspector,Merseyside,Runner Up,1,1,3,7,1,10,5.5,0,1,10,100,30,2017-08-29,2017-10-31,NA,NA,not aired in US,not aired in US,IN,'Chocolate Terrarium' Cake,Moroccan Strawberry and Rose Cake,1,IN,'Jungle' Game,Coconut Seashells for a Titanic Afternoon Tea,8,IN,'Kraken' Bread Sculpture,Blueberry Buns,10,SB,Sticky Toffee Apple Caramel Cake,Salted Bay Caramel Millionaire Shortbreads,6,IN,'My Great Great Nan's' Raspberry Trifle Terrine,'Mr Darcy's Steamy Lake Scene' Steamed School Pudding,8,IN,Potato Curry Pie with Mango & Chilli Glaze,'Vegetarian Pie Faces' Decorative Pies,5,IN,'Flavour Fusion' Sfogliatelle,'Happy Hour' Cocktail Cannoli,6,IN,'Liver Building Turret' Savoy Cake,Burrito Bedfordshire Clangers,2,IN,'Rainbow' Meringue Centrepiece,Bellini and Valencian Orange Choux Buns,4,RUNNER UP,"White Chocolate, Yuzu and Lychee Entremet","Roman Spelt, Coconut Kala Chana and Flower Breads",3
8,Liam Charles,Liam,Charles,Liam,19 years,Student,North London,NA,1,0,3,5,2,8,4.5,0,0,8,80,37.5,2017-08-29,2017-10-17,NA,NA,not aired in US,not aired in US,IN,'Stackin' Sunday' Cake,Apple and Almond Crumble Maple Loaf,8,IN,'Classroom Classics' Game,Coffee Malted Pecan Shorties,7,IN,'Kneadapolitan' Bread Sculpture,Jamaican Spiced Teacakes,5,IN,White Layered Ginger Caramel Cake,Salted Peanut Butter Millionaire Shortbreads,3,IN,'Cheers Lads' Trifle Terrine,Cherries & Lemons that are 'Baked Well',2,SB,'Nan's Sunday Dinner' Pie,'Standard FC' Decorative Pies,4,IN,'Morning Delivery' Sfogliatelle,'Just Doing Me' Cannoli,2,OUT,'Fort Wizardore' Savoy Cake,'Take Out' Bedfordshire Clangers,5,NA,NA,NA,NA,NA,NA,NA,NA
8,Peter Abatan,Peter,Abatan,Peter,52 years,IT programme manager,"Southend, Essex",NA,0,0,0,1,10,10,10,0,0,1,10,0,2017-08-29,2017-08-29,NA,NA,not aired in US,not aired in US,OUT,'Bread on a Breadboard' Cake,Coconut Cake,10,NA,NA,NA,NA,NA,NA,NA,NA,NA,NA,NA,NA,NA,NA,NA,NA,NA,NA,NA,NA,NA,NA,NA,NA,NA,NA,NA,NA,NA,NA,NA,NA,NA,NA,NA,NA
8,Sophie Faldo,Sophie,Faldo,Sophie,33 years,Former army officer and trainee stuntwoman,"West Molesey, Surrey",Winner,2,2,6,4,1,6,2.5,1,0,10,100,60,2017-08-29,2017-10-31,NA,NA,not aired in US,not aired in US,IN,'Champagne Bottle and Bucket' Cake,Pineapple and Coconut Sandwich Cake,5,IN,'Snakes and Ladders' Game,Lemon Limoncino Sandwich Biscuits,2,IN,'Picnic Basket' Bread Sculpture,Tagine Teacakes,6,IN,Bird's Nest Caramel Cake,Jaffa Millionaire Shortbreads,4,SB,"Raspberry, Yuzu & White Chocolate Bûche Trifle Terrine","Ginger, Fig and Honey Steamed School Pudding",1,IN,Game Pie with Glazed Forest Fruits,'The Four Seasons' Decorative Pies,2,IN,'Classics' Sfogliatelle,'Classics with a Twist' Cannoli,3,IN,Citrus with Green Apple Croquembouche Savoy Cake,Char Siu & Banana Praline Bedfordshire Clangers,4,SB,'Tutu with Opera Filling' Meringue Centrepiece,Strawberry & Rhubarb and Chestnut & Vanilla Choux Buns,1,WINNER,'Ode to the Honey Bee' Entremet,"Spelt Boules, Mushroom Ciabatta and Orange Plaited Brioche",2
8,Stacey Hart,Stacey,Hart,Stacey,42 years,Former school teacher,"Radlett, Hertfordshire",NA,1,2,4,5,1,11,4,0,0,9,90,44.44444444444444,2017-08-29,2017-10-24,NA,NA,not aired in US,not aired in US,IN,'Black Evening Clutch Bag' Cake,Granny Smith Apple and Walnut Cake,11,IN,'Get to School' Game,Sparkly Chocolate and Marshmallow Fluff Cookies,9,IN,'Ascot Hat' Bread Sculpture,Cranberry and Cinnamon Teacakes,1,IN,Chocolate and Coffee Caramel Cake,Rum Salted Caramel Millionaire Shortbreads,1,IN,Tropical Trifle Terrine,Bakewell Tart Steamed School Pudding,4,IN,Indian Hand Raised Pie with Mango,'Love Theme' Decorative Pies,6,IN,Pastry Surprise,My All Time Favourite Desserts,4,SB,'Bright' Lemon & Orange Savoy Cake,Camembert & Onion and Apple & Blueberry Bedfordshire Clangers,3,OUT,'Flamingos in Love' Meringue Centrepiece,'Choux-nicorn and Choux-moji' Choux Buns,2,NA,NA,NA,NA
8,Steven Carter-Bailey,Steven,Carter-Bailey,Steven,34 years,Marketer,"Watford, Hertfordshire",Runner Up,3,3,6,4,1,7,3,0,1,10,100,60,2017-08-29,2017-10-31,NA,NA,not aired in US,not aired in US,SB,'A Baker's Lunch' Cake,Bonfire Night Cake,6,SB,'Check Bake' Game,Amarpressi Biscuits,6,IN,'The Bag I Knead' Bread Sculpture,Madras Cocktail Teacakes,3,IN,Caramel Crown Cake,Orange Macadamia Nut Millionaire Shortbreads,7,IN,'From Across the Jelly Pond' Trifle Terrine,Lemon & Blackcurrant Drizzle Steamed School Pudding,5,IN,Christmas Pie,'Fleetwood Mac' Decorative Pies,3,SB,'Sicilian-style' Sfogliatelle,Italian Style Cannoli,1,IN,Chestnut Rum Savoy Cake,'Mediterranean Medley' Bedfordshire Clangers,1,IN,'Some Air Over the Rainbow' Meringue Centrepiece,Key Lime Cheesecake and Bakewell Tart Choux Buns,3,RUNNER UP,'Yin Yang' Entremet,"Spelt & Rye, Toasted Garlic & Fontina and Sweet Chocolate Breads",1
8,Tom Hetherington,Tom,Hetherington,Tom,29 years,Architect,Edinburgh,NA,0,0,0,4,4,7,5,0,0,4,40,0,2017-08-29,2017-09-19,NA,NA,not aired in US,not aired in US,IN,'Stack of Books' Cake,Gilded Pear and Cardamom Cake,7,IN,'Drain Pipes and Ladders' Game,Coffee and Amaretto Kisses,5,IN,'Pink & Yellow Rose Centrepiece' Bread Sculpture,Orange and Cranberry Teacakes,4,OUT,Hummingbird Cake,Stem Ginger Caramel Millionaire Shortbreads,5,NA,NA,NA,NA,NA,NA,NA,NA,NA,NA,NA,NA,NA,NA,NA,NA,NA,NA,NA,NA,NA,NA,NA,NA
8,"Chuen-Yan ""Yan"" Tsou",Yan,Tsou,Chuen-Yan,46 years,Laboratory research scientist,North London,NA,0,2,2,5,1,8,5,0,0,7,70,28.571428571428573,2017-08-29,2017-10-10,NA,NA,not aired in US,not aired in US,IN,'Banana-Ramen' Cake,Windfall Apple Crumble Cake,4,IN,'Adventures in Bakeland' Game,'Mrs. Marian's PB 'n' B' Biscuits,1,IN,'Basil the Vegetarian Dragon with his Pumpkin Hoard' Bread Sculpture,'Mrs's P's' Masala Chai Spiced Teacakes,8,IN,Animals of the Rainforest Caramel Cake,'Lil' Red's Ginger and Nuts' Millionaire Shortbreads,8,IN,'Heart of a Hero' Trifle Terrine,Mango Fruit Hat Steamed School Pudding,6,IN,Chequerboard Pie,'πr2' Decorative Pies,1,OUT,Canadian-Style Sfogliatelle,Cannoli Cocktails,5,NA,NA,NA,NA,NA,NA,NA,NA,NA,NA,NA,NA
